mca_registration,gstin,cin,iso_certification,pan_number,tan_number,msme_registration,shop_license,import_export_code,professional_tax,website_quality,domain_age,ssl_certificate,linkedin_profile,glassdoor_reviews,employee_count,turnover,contact_number,office_address,epf_registration,website_quality_dup,email_domain,linkedin_activity,scam_reports,job_platform,salary_realism,upfront_payment,description_quality,interview_process,comm_channels,has_company_logo,has_questions,social_media,employee_reviews,physical_address,epf_registration_dup,fssai_license,sebi_approval,description,fraudulent
No,None,No,None,None,No,Yes,Yes,None,Yes,Excellent,1 year,Valid SSL,https://linkedin.example,Good,50,10L,1234567890,Some Address,No,Excellent,Yahoo,Active,Few,Telegram,Realistic,Yes,Good,Video,Call,No,Has Questions,Active,Positive,Present,No,None,Yes,Looking for software engineer with 2+ years experience in python and django,0
None,No,No,Yes,No,None,None,Yes,No,None,Excellent,1 year,Valid SSL,https://linkedin.example,Good,50,10L,1234567890,Some Address,Yes,Excellent,Company Domain,Active,None,Naukri,Low,No,Average,In-Person,Call,No,Has Questions,Inactive,None,Present,Yes,Yes,None,Job opening in finance. CA preferred. Salary competitive,0
Yes,None,None,No,No,None,Yes,No,None,None,Good,1 year,Valid SSL,https://linkedin.example,Good,50,10L,1234567890,Some Address,Yes,Good,Company Domain,Inactive,Few,LinkedIn,Realistic,No,Average,Video,Call,No,Has Questions,Active,Negative,None,Yes,No,Yes,Hiring marketing executive with good comm skills and sales experience,0
Yes,No,No,Yes,No,No,Yes,No,None,Yes,Average,1 year,Valid SSL,https://linkedin.example,Good,50,10L,1234567890,Some Address,No,Average,Yahoo,Inactive,Many,Indeed,Realistic,No,Good,Video,Email,No,Has Questions,Inactive,Positive,Present,No,Yes,None,Job opening in finance. CA preferred. Salary competitive,0
No,None,Yes,None,Yes,Yes,None,Yes,Yes,Yes,Good,1 year,Valid SSL,https://linkedin.example,Good,50,10L,1234567890,Some Address,Yes,Good,Company Domain,Inactive,Many,LinkedIn,Low,No,Average,Phone,Telegram,Yes,Has Questions,Inactive,None,None,Yes,Yes,Yes,Looking for software engineer with 2+ years experience in python and django,1
No,Yes,No,Yes,Yes,Yes,No,No,Yes,Yes,Excellent,1 year,Valid SSL,https://linkedin.example,Good,50,10L,1234567890,Some Address,Yes,Excellent,Yahoo,Inactive,Few,Indeed,Realistic,Yes,Good,In-Person,Email,No,Has Questions,Active,None,Present,Yes,No,No,Urgent requirement for developer. Apply now with resume,1
No,Yes,Yes,No,No,Yes,None,No,Yes,No,Good,1 year,Valid SSL,https://linkedin.example,Good,50,10L,1234567890,Some Address,No,Good,Outlook,Active,Few,Naukri,Realistic,No,Average,Phone,Email,No,Has Questions,Inactive,Positive,None,No,None,None,Frontend developer required - html css js,1
Yes,Yes,No,None,No,Yes,No,Yes,None,None,Average,1 year,Valid SSL,https://linkedin.example,Good,50,10L,1234567890,Some Address,Yes,Average,Company Domain,Inactive,Few,Naukri,Realistic,No,Poor,Phone,Telegram,No,Has Questions,Inactive,Negative,None,Yes,None,No,Frontend developer required - html css js,0
None,No,No,Yes,No,No,None,None,No,None,Average,1 year,Valid SSL,https://linkedin.example,Good,50,10L,1234567890,Some Address,No,Average,Gmail,Inactive,Many,Indeed,Realistic,No,Average,Phone,WhatsApp,No,Has Questions,Active,Positive,Present,No,None,No,Hiring marketing executive with good comm skills and sales experience,0
Yes,Yes,Yes,Yes,Yes,No,None,No,No,Yes,Average,1 year,Valid SSL,https://linkedin.example,Good,50,10L,1234567890,Some Address,Yes,Average,Company Domain,Active,Many,Telegram,Low,No,Poor,Phone,Telegram,No,Has Questions,Active,Positive,None,Yes,Yes,No,Urgent requirement for developer. Apply now with resume,0
No,No,Yes,Yes,None,No,Yes,Yes,None,Yes,Excellent,1 year,Valid SSL,https://linkedin.example,Good,50,10L,1234567890,Some Address,Yes,Excellent,Gmail,Active,Few,Naukri,Low,No,Poor,Video,Telegram,No,Has Questions,Inactive,None,None,Yes,Yes,None,Urgent requirement for developer. Apply now with resume,0
None,Yes,None,No,Yes,None,None,None,Yes,Yes,Poor,1 year,Valid SSL,https://linkedin.example,Good,50,10L,1234567890,Some Address,No,Poor,Gmail,Active,Many,LinkedIn,Low,Yes,Poor,In-Person,Email,No,Has Questions,Inactive,Negative,None,No,No,Yes,Urgent requirement for developer. Apply now with resume,1
Yes,None,Yes,None,Yes,Yes,None,Yes,Yes,No,Poor,1 year,Valid SSL,https://linkedin.example,Good,50,10L,1234567890,Some Address,No,Poor,Company Domain,Active,None,LinkedIn,Realistic,Yes,Poor,Video,WhatsApp,Yes,Has Questions,Active,Negative,None,No,Yes,Yes,Hiring marketing executive with good comm skills and sales experience,0
None,No,Yes,No,None,No,Yes,No,Yes,Yes,Excellent,1 year,Valid SSL,https://linkedin.example,Good,50,10L,1234567890,Some Address,No,Excellent,Gmail,Active,Many,Telegram,Realistic,Yes,Poor,In-Person,Call,No,Has Questions,Active,None,Present,No,Yes,None,Looking for software engineer with 2+ years experience in python and django,1
None,No,None,No,No,Yes,Yes,Yes,No,Yes,Good,1 year,Valid SSL,https://linkedin.example,Good,50,10L,1234567890,Some Address,Yes,Good,Company Domain,Inactive,Few,LinkedIn,Realistic,Yes,Average,Phone,Call,Yes,Has Questions,Inactive,Negative,None,Yes,Yes,Yes,Urgent requirement for developer. Apply now with resume,1
None,None,Yes,None,None,Yes,None,None,No,Yes,Good,1 year,Valid SSL,https://linkedin.example,Good,50,10L,1234567890,Some Address,No,Good,Outlook,Active,None,Telegram,Low,No,Good,None,Email,Yes,Has Questions,Inactive,Positive,None,No,Yes,Yes,Job opening in finance. CA preferred. Salary competitive,0
No,None,Yes,Yes,No,None,Yes,No,None,No,Average,1 year,Valid SSL,https://linkedin.example,Good,50,10L,1234567890,Some Address,No,Average,Outlook,Active,None,WhatsApp,Low,Yes,Poor,None,Telegram,No,Has Questions,Inactive,Positive,None,No,None,Yes,Looking for software engineer with 2+ years experience in python and django,0
Yes,No,Yes,No,No,None,No,No,No,No,Excellent,1 year,Valid SSL,https://linkedin.example,Good,50,10L,1234567890,Some Address,No,Excellent,Company Domain,Inactive,Many,Telegram,High,Yes,Good,In-Person,Email,Yes,Has Questions,Inactive,Negative,Present,No,Yes,Yes,Urgent requirement for developer. Apply now with resume,0
None,No,Yes,Yes,No,No,No,None,Yes,None,Good,1 year,Valid SSL,https://linkedin.example,Good,50,10L,1234567890,Some Address,Yes,Good,Company Domain,Inactive,None,Indeed,Realistic,No,Good,Video,Telegram,Yes,Has Questions,Active,Positive,None,Yes,Yes,Yes,Hiring marketing executive with good comm skills and sales experience,0
None,No,None,None,No,None,Yes,Yes,Yes,No,Average,1 year,Valid SSL,https://linkedin.example,Good,50,10L,1234567890,Some Address,Yes,Average,Gmail,Inactive,Many,Telegram,Realistic,No,Average,Phone,Telegram,Yes,Has Questions,Active,Positive,None,Yes,Yes,None,Hiring marketing executive with good comm skills and sales experience,1
No,None,Yes,None,Yes,Yes,Yes,None,No,None,Good,1 year,Valid SSL,https://linkedin.example,Good,50,10L,1234567890,Some Address,Yes,Good,Company Domain,Active,None,Naukri,Low,Yes,Good,Phone,Telegram,No,Has Questions,Active,None,Present,Yes,Yes,No,Job opening in finance. CA preferred. Salary competitive,0
None,Yes,Yes,Yes,Yes,No,None,Yes,None,Yes,Poor,1 year,Valid SSL,https://linkedin.example,Good,50,10L,1234567890,Some Address,Yes,Poor,Yahoo,Inactive,Many,LinkedIn,Realistic,No,Poor,In-Person,Call,Yes,Has Questions,Inactive,Negative,None,Yes,Yes,Yes,Job opening in finance. CA preferred. Salary competitive,0
None,Yes,No,None,Yes,None,None,None,None,Yes,Poor,1 year,Valid SSL,https://linkedin.example,Good,50,10L,1234567890,Some Address,Yes,Poor,Outlook,Inactive,Few,Naukri,Realistic,Yes,Good,In-Person,WhatsApp,Yes,Has Questions,Active,Positive,Present,Yes,None,Yes,Hiring marketing executive with good comm skills and sales experience,1
Yes,Yes,Yes,No,No,No,No,No,No,No,Excellent,1 year,Valid SSL,https://linkedin.example,Good,50,10L,1234567890,Some Address,No,Excellent,Gmail,Inactive,Few,Naukri,Realistic,Yes,Good,Video,WhatsApp,Yes,Has Questions,Active,None,None,No,Yes,No,Urgent requirement for developer. Apply now with resume,1
None,Yes,Yes,None,No,None,Yes,Yes,None,No,Excellent,1 year,Valid SSL,https://linkedin.example,Good,50,10L,1234567890,Some Address,Yes,Excellent,Company Domain,Active,None,Indeed,Low,Yes,Average,Video,Call,Yes,Has Questions,Active,Negative,None,Yes,None,Yes,Frontend developer required - html css js,0
Yes,None,None,No,None,Yes,Yes,Yes,None,None,Poor,1 year,Valid SSL,https://linkedin.example,Good,50,10L,1234567890,Some Address,Yes,Poor,Gmail,Inactive,Many,Indeed,Realistic,No,Poor,Video,Telegram,Yes,Has Questions,Inactive,None,None,Yes,Yes,No,Urgent requirement for developer. Apply now with resume,0
Yes,No,No,Yes,None,No,No,No,None,Yes,Average,1 year,Valid SSL,https://linkedin.example,Good,50,10L,1234567890,Some Address,No,Average,Yahoo,Active,Many,Naukri,Low,Yes,Poor,None,Email,Yes,Has Questions,Inactive,Negative,Present,No,Yes,None,Frontend developer required - html css js,0
No,Yes,None,None,No,None,No,No,Yes,None,Poor,1 year,Valid SSL,https://linkedin.example,Good,50,10L,1234567890,Some Address,Yes,Poor,Yahoo,Inactive,None,WhatsApp,Low,No,Poor,In-Person,Call,No,Has Questions,Inactive,Positive,None,Yes,No,Yes,Frontend developer required - html css js,0
None,None,No,No,No,No,None,Yes,Yes,No,Average,1 year,Valid SSL,https://linkedin.example,Good,50,10L,1234567890,Some Address,No,Average,Yahoo,Inactive,None,Indeed,Realistic,Yes,Average,None,Telegram,No,Has Questions,Active,Positive,Present,No,Yes,Yes,Urgent requirement for developer. Apply now with resume,0
None,No,None,None,No,No,No,None,None,No,Good,1 year,Valid SSL,https://linkedin.example,Good,50,10L,1234567890,Some Address,Yes,Good,Gmail,Inactive,Few,Indeed,Realistic,Yes,Good,In-Person,Call,No,Has Questions,Inactive,Negative,None,Yes,None,No,Hiring marketing executive with good comm skills and sales experience,0
None,None,None,No,Yes,None,Yes,No,Yes,No,Poor,1 year,Valid SSL,https://linkedin.example,Good,50,10L,1234567890,Some Address,Yes,Poor,Company Domain,Inactive,None,Indeed,Realistic,No,Average,In-Person,Call,Yes,Has Questions,Inactive,Negative,Present,Yes,None,Yes,Looking for software engineer with 2+ years experience in python and django,1
None,No,No,Yes,None,Yes,Yes,None,None,Yes,Poor,1 year,Valid SSL,https://linkedin.example,Good,50,10L,1234567890,Some Address,Yes,Poor,Outlook,Inactive,Many,Indeed,High,Yes,Poor,Video,WhatsApp,No,Has Questions,Inactive,Negative,Present,Yes,No,None,Job opening in finance. CA preferred. Salary competitive,1
Yes,No,Yes,No,No,None,No,None,Yes,Yes,Poor,1 year,Valid SSL,https://linkedin.example,Good,50,10L,1234567890,Some Address,No,Poor,Company Domain,Active,Many,LinkedIn,Low,No,Poor,In-Person,WhatsApp,Yes,Has Questions,Inactive,Positive,None,No,Yes,None,Looking for software engineer with 2+ years experience in python and django,0
No,No,None,No,None,Yes,Yes,None,None,None,Poor,1 year,Valid SSL,https://linkedin.example,Good,50,10L,1234567890,Some Address,Yes,Poor,Gmail,Active,Few,LinkedIn,Low,No,Average,None,Email,No,Has Questions,Inactive,Positive,Present,Yes,Yes,No,Job opening in finance. CA preferred. Salary competitive,0
No,Yes,None,None,No,None,None,None,Yes,Yes,Average,1 year,Valid SSL,https://linkedin.example,Good,50,10L,1234567890,Some Address,No,Average,Outlook,Inactive,Few,WhatsApp,Low,No,Good,Phone,Email,Yes,Has Questions,Inactive,Positive,None,No,Yes,None,Hiring marketing executive with good comm skills and sales experience,1
No,None,Yes,Yes,Yes,None,Yes,Yes,None,No,Average,1 year,Valid SSL,https://linkedin.example,Good,50,10L,1234567890,Some Address,Yes,Average,Yahoo,Active,Many,LinkedIn,Realistic,Yes,Poor,In-Person,Call,No,Has Questions,Active,Negative,None,Yes,Yes,No,Looking for software engineer with 2+ years experience in python and django,0
None,None,Yes,Yes,No,No,Yes,Yes,Yes,Yes,Average,1 year,Valid SSL,https://linkedin.example,Good,50,10L,1234567890,Some Address,No,Average,Company Domain,Active,Few,Telegram,High,No,Poor,None,WhatsApp,No,Has Questions,Inactive,Positive,Present,No,None,No,Job opening in finance. CA preferred. Salary competitive,1
No,None,No,Yes,No,Yes,No,Yes,Yes,No,Average,1 year,Valid SSL,https://linkedin.example,Good,50,10L,1234567890,Some Address,No,Average,Outlook,Active,Few,Telegram,Low,No,Poor,Phone,Call,No,Has Questions,Inactive,Positive,None,No,None,No,Urgent requirement for developer. Apply now with resume,0
None,None,Yes,None,No,Yes,Yes,None,Yes,No,Excellent,1 year,Valid SSL,https://linkedin.example,Good,50,10L,1234567890,Some Address,Yes,Excellent,Company Domain,Inactive,None,WhatsApp,High,No,Good,Phone,Call,Yes,Has Questions,Active,None,None,Yes,No,Yes,Urgent requirement for developer. Apply now with resume,0
None,No,None,No,No,None,No,Yes,Yes,No,Poor,1 year,Valid SSL,https://linkedin.example,Good,50,10L,1234567890,Some Address,Yes,Poor,Outlook,Active,Many,Naukri,Realistic,Yes,Average,Video,Email,No,Has Questions,Active,Positive,Present,Yes,Yes,Yes,Frontend developer required - html css js,0
No,None,No,No,No,None,Yes,No,None,None,Poor,1 year,Valid SSL,https://linkedin.example,Good,50,10L,1234567890,Some Address,Yes,Poor,Gmail,Active,Few,LinkedIn,Realistic,Yes,Poor,In-Person,Telegram,No,Has Questions,Active,Negative,Present,Yes,Yes,No,Looking for software engineer with 2+ years experience in python and django,0
None,Yes,No,None,Yes,Yes,No,Yes,Yes,Yes,Good,1 year,Valid SSL,https://linkedin.example,Good,50,10L,1234567890,Some Address,No,Good,Outlook,Active,Few,Indeed,Realistic,Yes,Poor,In-Person,Telegram,No,Has Questions,Inactive,Negative,Present,No,No,None,Urgent requirement for developer. Apply now with resume,1
Yes,Yes,Yes,None,None,Yes,Yes,No,No,Yes,Excellent,1 year,Valid SSL,https://linkedin.example,Good,50,10L,1234567890,Some Address,No,Excellent,Outlook,Inactive,Many,Indeed,High,No,Average,In-Person,WhatsApp,Yes,Has Questions,Inactive,Negative,Present,No,None,None,Job opening in finance. CA preferred. Salary competitive,0
Yes,None,No,None,Yes,None,No,No,None,Yes,Excellent,1 year,Valid SSL,https://linkedin.example,Good,50,10L,1234567890,Some Address,No,Excellent,Company Domain,Inactive,None,Telegram,Realistic,Yes,Good,Phone,WhatsApp,No,Has Questions,Active,Negative,Present,No,Yes,No,Looking for software engineer with 2+ years experience in python and django,1
Yes,Yes,No,No,Yes,Yes,No,None,None,Yes,Excellent,1 year,Valid SSL,https://linkedin.example,Good,50,10L,1234567890,Some Address,No,Excellent,Yahoo,Inactive,None,Telegram,Realistic,Yes,Good,Phone,Call,Yes,Has Questions,Active,Positive,None,No,No,None,Hiring marketing executive with good comm skills and sales experience,1
None,Yes,Yes,Yes,None,None,Yes,None,None,No,Good,1 year,Valid SSL,https://linkedin.example,Good,50,10L,1234567890,Some Address,No,Good,Company Domain,Inactive,Many,Naukri,High,Yes,Average,Phone,Email,No,Has Questions,Active,None,Present,No,Yes,Yes,Urgent requirement for developer. Apply now with resume,0
Yes,Yes,None,Yes,Yes,Yes,No,No,Yes,Yes,Good,1 year,Valid SSL,https://linkedin.example,Good,50,10L,1234567890,Some Address,No,Good,Company Domain,Inactive,Many,Indeed,Low,No,Average,Video,Email,No,Has Questions,Active,Positive,None,No,None,None,Frontend developer required - html css js,0
No,No,No,Yes,No,None,Yes,No,No,None,Excellent,1 year,Valid SSL,https://linkedin.example,Good,50,10L,1234567890,Some Address,Yes,Excellent,Yahoo,Inactive,Few,Indeed,High,No,Good,Phone,WhatsApp,No,Has Questions,Active,Negative,Present,Yes,None,Yes,Looking for software engineer with 2+ years experience in python and django,0
None,None,Yes,No,None,None,None,None,None,None,Average,1 year,Valid SSL,https://linkedin.example,Good,50,10L,1234567890,Some Address,No,Average,Yahoo,Inactive,Few,LinkedIn,Realistic,Yes,Poor,Video,Email,No,Has Questions,Inactive,Negative,None,No,Yes,None,Hiring marketing executive with good comm skills and sales experience,0
None,No,Yes,No,Yes,Yes,None,Yes,Yes,Yes,Average,1 year,Valid SSL,https://linkedin.example,Good,50,10L,1234567890,Some Address,No,Average,Yahoo,Active,Few,Indeed,High,Yes,Average,Video,Call,Yes,Has Questions,Active,Positive,Present,No,No,None,Frontend developer required - html css js,0
None,No,None,No,None,No,None,No,None,No,Poor,1 year,Valid SSL,https://linkedin.example,Good,50,10L,1234567890,Some Address,Yes,Poor,Gmail,Inactive,Many,LinkedIn,Realistic,No,Good,Phone,WhatsApp,Yes,Has Questions,Inactive,Negative,Present,Yes,None,Yes,Hiring marketing executive with good comm skills and sales experience,0
Yes,None,Yes,No,Yes,Yes,No,No,Yes,None,Average,1 year,Valid SSL,https://linkedin.example,Good,50,10L,1234567890,Some Address,No,Average,Gmail,Active,None,WhatsApp,Realistic,No,Poor,Phone,Call,Yes,Has Questions,Inactive,Positive,None,No,Yes,Yes,Frontend developer required - html css js,0
None,Yes,None,Yes,No,Yes,None,None,Yes,No,Excellent,1 year,Valid SSL,https://linkedin.example,Good,50,10L,1234567890,Some Address,Yes,Excellent,Company Domain,Inactive,Many,LinkedIn,Low,No,Poor,Phone,Call,Yes,Has Questions,Inactive,Negative,None,Yes,None,Yes,Frontend developer required - html css js,0
No,No,Yes,Yes,None,Yes,Yes,None,Yes,Yes,Average,1 year,Valid SSL,https://linkedin.example,Good,50,10L,1234567890,Some Address,Yes,Average,Gmail,Inactive,None,LinkedIn,Low,Yes,Average,None,Email,No,Has Questions,Active,Positive,Present,Yes,None,None,Frontend developer required - html css js,0
None,No,Yes,No,None,Yes,None,None,Yes,No,Excellent,1 year,Valid SSL,https://linkedin.example,Good,50,10L,1234567890,Some Address,No,Excellent,Yahoo,Active,None,WhatsApp,High,No,Average,None,Call,No,Has Questions,Active,Positive,None,No,Yes,None,Frontend developer required - html css js,0
No,Yes,No,Yes,Yes,No,Yes,No,None,No,Average,1 year,Valid SSL,https://linkedin.example,Good,50,10L,1234567890,Some Address,Yes,Average,Company Domain,Active,Many,LinkedIn,High,No,Poor,In-Person,Call,Yes,Has Questions,Inactive,None,Present,Yes,None,Yes,Urgent requirement for developer. Apply now with resume,0
None,Yes,None,None,No,No,No,None,Yes,Yes,Average,1 year,Valid SSL,https://linkedin.example,Good,50,10L,1234567890,Some Address,Yes,Average,Yahoo,Active,Many,Naukri,Realistic,Yes,Average,In-Person,Call,Yes,Has Questions,Active,None,Present,Yes,Yes,No,Frontend developer required - html css js,1
No,None,No,Yes,Yes,Yes,None,None,Yes,None,Poor,1 year,Valid SSL,https://linkedin.example,Good,50,10L,1234567890,Some Address,Yes,Poor,Yahoo,Active,None,Naukri,High,No,Good,None,Call,Yes,Has Questions,Inactive,None,Present,Yes,Yes,None,Hiring marketing executive with good comm skills and sales experience,0
Yes,None,Yes,No,Yes,No,None,No,Yes,Yes,Excellent,1 year,Valid SSL,https://linkedin.example,Good,50,10L,1234567890,Some Address,No,Excellent,Company Domain,Active,Many,Telegram,Realistic,Yes,Good,In-Person,Email,Yes,Has Questions,Inactive,Negative,Present,No,None,Yes,Frontend developer required - html css js,0
Yes,Yes,Yes,No,No,No,No,Yes,Yes,Yes,Good,1 year,Valid SSL,https://linkedin.example,Good,50,10L,1234567890,Some Address,Yes,Good,Company Domain,Active,Few,LinkedIn,Realistic,Yes,Average,In-Person,Call,Yes,Has Questions,Active,None,None,Yes,None,No,Job opening in finance. CA preferred. Salary competitive,0
No,No,No,None,No,No,None,No,None,Yes,Good,1 year,Valid SSL,https://linkedin.example,Good,50,10L,1234567890,Some Address,No,Good,Company Domain,Inactive,None,WhatsApp,High,No,Poor,None,WhatsApp,No,Has Questions,Active,Negative,None,No,No,Yes,Frontend developer required - html css js,0
Yes,Yes,Yes,No,Yes,No,No,Yes,None,None,Good,1 year,Valid SSL,https://linkedin.example,Good,50,10L,1234567890,Some Address,Yes,Good,Gmail,Active,Few,WhatsApp,High,No,Poor,None,Call,No,Has Questions,Active,Negative,Present,Yes,No,None,Hiring marketing executive with good comm skills and sales experience,0
None,Yes,Yes,No,Yes,No,No,None,Yes,Yes,Poor,1 year,Valid SSL,https://linkedin.example,Good,50,10L,1234567890,Some Address,Yes,Poor,Company Domain,Active,None,Indeed,Realistic,Yes,Good,Video,WhatsApp,Yes,Has Questions,Inactive,None,None,Yes,Yes,No,Hiring marketing executive with good comm skills and sales experience,0
Yes,None,None,Yes,No,No,No,Yes,None,Yes,Excellent,1 year,Valid SSL,https://linkedin.example,Good,50,10L,1234567890,Some Address,Yes,Excellent,Company Domain,Active,None,Naukri,Realistic,Yes,Good,Phone,WhatsApp,Yes,Has Questions,Inactive,None,None,Yes,Yes,No,Hiring marketing executive with good comm skills and sales experience,1
No,Yes,No,Yes,None,None,No,Yes,No,None,Good,1 year,Valid SSL,https://linkedin.example,Good,50,10L,1234567890,Some Address,No,Good,Company Domain,Inactive,Few,Naukri,High,No,Average,Phone,Email,Yes,Has Questions,Inactive,Negative,None,No,Yes,No,Urgent requirement for developer. Apply now with resume,0
None,No,Yes,Yes,None,None,None,No,No,None,Excellent,1 year,Valid SSL,https://linkedin.example,Good,50,10L,1234567890,Some Address,Yes,Excellent,Yahoo,Active,Few,WhatsApp,Realistic,No,Poor,Video,Email,No,Has Questions,Active,Negative,None,Yes,No,Yes,Job opening in finance. CA preferred. Salary competitive,0
None,None,Yes,None,None,No,Yes,Yes,No,No,Excellent,1 year,Valid SSL,https://linkedin.example,Good,50,10L,1234567890,Some Address,Yes,Excellent,Gmail,Active,Many,Telegram,High,Yes,Good,Video,Call,Yes,Has Questions,Active,Positive,None,Yes,No,None,Urgent requirement for developer. Apply now with resume,1
No,No,No,None,No,None,No,Yes,None,Yes,Good,1 year,Valid SSL,https://linkedin.example,Good,50,10L,1234567890,Some Address,Yes,Good,Company Domain,Inactive,Many,Indeed,Realistic,No,Average,None,WhatsApp,Yes,Has Questions,Inactive,None,Present,Yes,No,Yes,Job opening in finance. CA preferred. Salary competitive,0
Yes,Yes,Yes,No,Yes,No,None,No,None,Yes,Average,1 year,Valid SSL,https://linkedin.example,Good,50,10L,1234567890,Some Address,No,Average,Company Domain,Active,Many,Naukri,Low,Yes,Average,Video,WhatsApp,Yes,Has Questions,Active,None,Present,No,No,No,Looking for software engineer with 2+ years experience in python and django,0
No,Yes,Yes,Yes,Yes,Yes,Yes,No,No,No,Good,1 year,Valid SSL,https://linkedin.example,Good,50,10L,1234567890,Some Address,Yes,Good,Outlook,Inactive,None,Indeed,Low,Yes,Poor,In-Person,WhatsApp,Yes,Has Questions,Inactive,Positive,None,Yes,Yes,Yes,Looking for software engineer with 2+ years experience in python and django,1
No,No,No,No,No,No,No,No,Yes,None,Good,1 year,Valid SSL,https://linkedin.example,Good,50,10L,1234567890,Some Address,No,Good,Company Domain,Active,Few,LinkedIn,Low,Yes,Good,Phone,WhatsApp,No,Has Questions,Active,Negative,Present,No,No,Yes,Job opening in finance. CA preferred. Salary competitive,0
None,Yes,Yes,No,No,None,Yes,No,None,None,Good,1 year,Valid SSL,https://linkedin.example,Good,50,10L,1234567890,Some Address,No,Good,Gmail,Active,Few,LinkedIn,High,No,Poor,None,Email,Yes,Has Questions,Active,Negative,Present,No,None,None,Frontend developer required - html css js,1
No,Yes,None,None,None,Yes,Yes,Yes,No,None,Excellent,1 year,Valid SSL,https://linkedin.example,Good,50,10L,1234567890,Some Address,No,Excellent,Company Domain,Inactive,None,Indeed,Realistic,No,Good,Video,Call,No,Has Questions,Inactive,None,None,No,None,Yes,Hiring marketing executive with good comm skills and sales experience,1
No,None,Yes,None,None,No,None,No,No,Yes,Excellent,1 year,Valid SSL,https://linkedin.example,Good,50,10L,1234567890,Some Address,No,Excellent,Outlook,Inactive,Few,Naukri,Low,Yes,Average,Phone,Email,Yes,Has Questions,Inactive,Positive,None,No,No,Yes,Job opening in finance. CA preferred. Salary competitive,0
Yes,Yes,Yes,No,No,None,No,None,Yes,None,Excellent,1 year,Valid SSL,https://linkedin.example,Good,50,10L,1234567890,Some Address,No,Excellent,Company Domain,Active,Many,Naukri,Realistic,Yes,Good,In-Person,WhatsApp,Yes,Has Questions,Inactive,Negative,None,No,Yes,None,Hiring marketing executive with good comm skills and sales experience,1
Yes,Yes,Yes,No,None,None,Yes,Yes,Yes,No,Average,1 year,Valid SSL,https://linkedin.example,Good,50,10L,1234567890,Some Address,Yes,Average,Outlook,Active,None,WhatsApp,High,Yes,Good,None,Telegram,Yes,Has Questions,Inactive,None,Present,Yes,None,Yes,Job opening in finance. CA preferred. Salary competitive,0
Yes,Yes,Yes,No,No,No,None,No,No,None,Good,1 year,Valid SSL,https://linkedin.example,Good,50,10L,1234567890,Some Address,Yes,Good,Gmail,Inactive,Many,Telegram,Low,No,Good,None,Call,Yes,Has Questions,Inactive,None,None,Yes,Yes,Yes,Job opening in finance. CA preferred. Salary competitive,0
No,None,Yes,None,Yes,None,No,No,None,No,Poor,1 year,Valid SSL,https://linkedin.example,Good,50,10L,1234567890,Some Address,Yes,Poor,Company Domain,Inactive,Many,Telegram,High,Yes,Poor,None,Call,Yes,Has Questions,Active,None,None,Yes,None,Yes,Hiring marketing executive with good comm skills and sales experience,1
No,Yes,No,No,None,None,No,None,No,None,Poor,1 year,Valid SSL,https://linkedin.example,Good,50,10L,1234567890,Some Address,No,Poor,Outlook,Inactive,Many,WhatsApp,High,Yes,Good,Phone,Call,No,Has Questions,Active,Positive,Present,No,No,No,Urgent requirement for developer. Apply now with resume,0
None,None,Yes,Yes,None,None,Yes,Yes,No,None,Average,1 year,Valid SSL,https://linkedin.example,Good,50,10L,1234567890,Some Address,No,Average,Outlook,Active,None,Telegram,High,Yes,Good,Phone,Telegram,No,Has Questions,Active,None,None,No,Yes,Yes,Looking for software engineer with 2+ years experience in python and django,1
Yes,No,None,Yes,No,None,Yes,Yes,None,None,Good,1 year,Valid SSL,https://linkedin.example,Good,50,10L,1234567890,Some Address,No,Good,Gmail,Active,Few,WhatsApp,High,Yes,Poor,None,Telegram,No,Has Questions,Inactive,Negative,None,No,No,None,Frontend developer required - html css js,0
No,Yes,None,None,None,Yes,Yes,No,Yes,No,Poor,1 year,Valid SSL,https://linkedin.example,Good,50,10L,1234567890,Some Address,No,Poor,Company Domain,Active,Many,Indeed,Low,Yes,Poor,Video,Telegram,No,Has Questions,Inactive,Negative,Present,No,None,None,Frontend developer required - html css js,1
None,None,No,Yes,None,Yes,Yes,No,Yes,None,Good,1 year,Valid SSL,https://linkedin.example,Good,50,10L,1234567890,Some Address,No,Good,Company Domain,Active,None,Indeed,Realistic,Yes,Good,Video,Telegram,Yes,Has Questions,Inactive,Positive,None,No,Yes,No,Looking for software engineer with 2+ years experience in python and django,0
Yes,No,None,None,No,Yes,None,Yes,Yes,No,Good,1 year,Valid SSL,https://linkedin.example,Good,50,10L,1234567890,Some Address,No,Good,Outlook,Inactive,Few,LinkedIn,Realistic,No,Poor,Video,Call,No,Has Questions,Active,None,None,No,Yes,None,Urgent requirement for developer. Apply now with resume,0
No,None,None,No,No,No,No,Yes,None,None,Poor,1 year,Valid SSL,https://linkedin.example,Good,50,10L,1234567890,Some Address,Yes,Poor,Gmail,Inactive,None,LinkedIn,Realistic,No,Average,Phone,Email,Yes,Has Questions,Active,None,Present,Yes,None,No,Job opening in finance. CA preferred. Salary competitive,0
No,None,Yes,Yes,None,Yes,No,No,No,Yes,Poor,1 year,Valid SSL,https://linkedin.example,Good,50,10L,1234567890,Some Address,Yes,Poor,Gmail,Inactive,Few,LinkedIn,High,No,Good,Phone,WhatsApp,No,Has Questions,Inactive,None,Present,Yes,No,None,Looking for software engineer with 2+ years experience in python and django,0
Yes,No,None,None,None,None,No,No,Yes,None,Good,1 year,Valid SSL,https://linkedin.example,Good,50,10L,1234567890,Some Address,No,Good,Outlook,Inactive,Few,Indeed,High,Yes,Good,None,Email,No,Has Questions,Inactive,Positive,None,No,None,No,Looking for software engineer with 2+ years experience in python and django,1
None,No,None,None,Yes,Yes,None,No,Yes,Yes,Average,1 year,Valid SSL,https://linkedin.example,Good,50,10L,1234567890,Some Address,Yes,Average,Gmail,Active,Many,WhatsApp,Low,No,Poor,Phone,Email,No,Has Questions,Inactive,Positive,Present,Yes,None,None,Hiring marketing executive with good comm skills and sales experience,0
No,None,Yes,None,Yes,None,None,Yes,No,Yes,Good,1 year,Valid SSL,https://linkedin.example,Good,50,10L,1234567890,Some Address,No,Good,Outlook,Inactive,None,Naukri,Realistic,No,Good,In-Person,Call,Yes,Has Questions,Active,Negative,None,No,Yes,No,Urgent requirement for developer. Apply now with resume,0
No,Yes,None,No,No,No,None,None,None,No,Poor,1 year,Valid SSL,https://linkedin.example,Good,50,10L,1234567890,Some Address,No,Poor,Gmail,Active,Few,WhatsApp,High,Yes,Good,Video,Telegram,Yes,Has Questions,Active,Positive,Present,No,No,No,Job opening in finance. CA preferred. Salary competitive,0
Yes,None,None,None,None,No,No,None,None,No,Poor,1 year,Valid SSL,https://linkedin.example,Good,50,10L,1234567890,Some Address,No,Poor,Company Domain,Active,Many,Indeed,High,No,Average,In-Person,Call,Yes,Has Questions,Inactive,Negative,Present,No,No,No,Urgent requirement for developer. Apply now with resume,1
No,Yes,No,None,None,Yes,Yes,Yes,Yes,No,Excellent,1 year,Valid SSL,https://linkedin.example,Good,50,10L,1234567890,Some Address,Yes,Excellent,Gmail,Inactive,Many,LinkedIn,Realistic,No,Good,In-Person,Telegram,No,Has Questions,Inactive,Positive,None,Yes,None,Yes,Frontend developer required - html css js,1
Yes,None,None,None,Yes,Yes,Yes,None,No,No,Good,1 year,Valid SSL,https://linkedin.example,Good,50,10L,1234567890,Some Address,No,Good,Yahoo,Active,Few,LinkedIn,Low,Yes,Good,Phone,WhatsApp,Yes,Has Questions,Active,None,Present,No,No,Yes,Frontend developer required - html css js,1
No,No,None,No,None,None,No,None,No,No,Average,1 year,Valid SSL,https://linkedin.example,Good,50,10L,1234567890,Some Address,No,Average,Gmail,Active,None,Indeed,High,Yes,Good,Video,Telegram,No,Has Questions,Inactive,Negative,None,No,Yes,No,Job opening in finance. CA preferred. Salary competitive,1
Yes,None,No,No,Yes,None,No,None,Yes,No,Poor,1 year,Valid SSL,https://linkedin.example,Good,50,10L,1234567890,Some Address,No,Poor,Gmail,Active,None,LinkedIn,Realistic,Yes,Average,In-Person,Telegram,No,Has Questions,Inactive,None,None,No,None,Yes,Frontend developer required - html css js,0
No,No,No,No,Yes,None,None,None,Yes,No,Poor,1 year,Valid SSL,https://linkedin.example,Good,50,10L,1234567890,Some Address,Yes,Poor,Gmail,Inactive,None,WhatsApp,Low,Yes,Good,Phone,Email,No,Has Questions,Inactive,Negative,None,Yes,Yes,None,Frontend developer required - html css js,1
Yes,None,Yes,None,Yes,Yes,None,None,None,No,Poor,1 year,Valid SSL,https://linkedin.example,Good,50,10L,1234567890,Some Address,No,Poor,Company Domain,Inactive,Few,Indeed,Low,No,Good,None,Telegram,No,Has Questions,Inactive,Negative,None,No,None,None,Frontend developer required - html css js,0
No,None,None,No,None,None,No,Yes,Yes,Yes,Excellent,1 year,Valid SSL,https://linkedin.example,Good,50,10L,1234567890,Some Address,Yes,Excellent,Company Domain,Active,Many,LinkedIn,High,No,Average,In-Person,WhatsApp,Yes,Has Questions,Inactive,Positive,None,Yes,Yes,No,Hiring marketing executive with good comm skills and sales experience,0
None,None,No,Yes,Yes,No,No,No,None,No,Poor,1 year,Valid SSL,https://linkedin.example,Good,50,10L,1234567890,Some Address,No,Poor,Company Domain,Active,Many,Naukri,Low,No,Good,None,Telegram,No,Has Questions,Inactive,None,None,No,None,No,Looking for software engineer with 2+ years experience in python and django,0
Yes,Yes,None,Yes,Yes,None,No,No,No,No,Excellent,1 year,Valid SSL,https://linkedin.example,Good,50,10L,1234567890,Some Address,Yes,Excellent,Gmail,Inactive,Many,LinkedIn,High,Yes,Good,In-Person,Call,No,Has Questions,Active,None,Present,Yes,No,None,Frontend developer required - html css js,0
Yes,No,None,Yes,None,No,None,Yes,None,None,Poor,1 year,Valid SSL,https://linkedin.example,Good,50,10L,1234567890,Some Address,No,Poor,Gmail,Active,None,Indeed,Realistic,Yes,Good,None,Call,Yes,Has Questions,Inactive,Negative,None,No,Yes,Yes,Hiring marketing executive with good comm skills and sales experience,0
No,No,No,None,Yes,None,No,No,No,Yes,Excellent,1 year,Valid SSL,https://linkedin.example,Good,50,10L,1234567890,Some Address,No,Excellent,Gmail,Inactive,Few,WhatsApp,High,No,Good,None,Call,Yes,Has Questions,Active,Positive,None,No,No,No,Hiring marketing executive with good comm skills and sales experience,1
No,Yes,None,None,None,No,No,Yes,No,No,Excellent,1 year,Valid SSL,https://linkedin.example,Good,50,10L,1234567890,Some Address,Yes,Excellent,Yahoo,Active,Few,WhatsApp,Low,No,Good,None,Call,Yes,Has Questions,Inactive,None,None,Yes,None,Yes,Frontend developer required - html css js,0
No,Yes,None,None,No,None,No,No,Yes,No,Good,1 year,Valid SSL,https://linkedin.example,Good,50,10L,1234567890,Some Address,No,Good,Outlook,Active,Few,LinkedIn,Realistic,Yes,Poor,In-Person,WhatsApp,No,Has Questions,Inactive,Negative,None,No,Yes,None,Job opening in finance. CA preferred. Salary competitive,0
No,None,Yes,No,Yes,No,No,Yes,None,Yes,Good,1 year,Valid SSL,https://linkedin.example,Good,50,10L,1234567890,Some Address,Yes,Good,Company Domain,Active,Many,Telegram,Low,No,Poor,None,Telegram,No,Has Questions,Inactive,Positive,Present,Yes,None,None,Job opening in finance. CA preferred. Salary competitive,1
None,None,Yes,Yes,Yes,No,None,None,None,No,Excellent,1 year,Valid SSL,https://linkedin.example,Good,50,10L,1234567890,Some Address,No,Excellent,Company Domain,Active,None,Naukri,Low,Yes,Poor,Phone,Email,Yes,Has Questions,Inactive,None,None,No,Yes,No,Job opening in finance. CA preferred. Salary competitive,1
No,No,No,Yes,None,None,None,None,No,No,Poor,1 year,Valid SSL,https://linkedin.example,Good,50,10L,1234567890,Some Address,Yes,Poor,Outlook,Inactive,Many,Telegram,Low,No,Good,Phone,Call,Yes,Has Questions,Active,Negative,None,Yes,None,No,Hiring marketing executive with good comm skills and sales experience,0
None,Yes,None,Yes,Yes,Yes,None,Yes,None,No,Excellent,1 year,Valid SSL,https://linkedin.example,Good,50,10L,1234567890,Some Address,No,Excellent,Yahoo,Active,None,Telegram,High,Yes,Good,Video,Telegram,Yes,Has Questions,Inactive,Positive,Present,No,Yes,Yes,Frontend developer required - html css js,0
None,Yes,None,None,None,No,No,None,Yes,Yes,Good,1 year,Valid SSL,https://linkedin.example,Good,50,10L,1234567890,Some Address,Yes,Good,Company Domain,Inactive,Few,WhatsApp,Realistic,No,Average,In-Person,Call,Yes,Has Questions,Inactive,Positive,Present,Yes,No,No,Hiring marketing executive with good comm skills and sales experience,0
None,No,No,No,No,No,No,No,Yes,Yes,Poor,1 year,Valid SSL,https://linkedin.example,Good,50,10L,1234567890,Some Address,No,Poor,Yahoo,Inactive,Many,LinkedIn,High,Yes,Average,Video,Telegram,Yes,Has Questions,Inactive,None,Present,No,None,Yes,Hiring marketing executive with good comm skills and sales experience,0
No,No,Yes,No,None,No,Yes,None,No,No,Excellent,1 year,Valid SSL,https://linkedin.example,Good,50,10L,1234567890,Some Address,Yes,Excellent,Gmail,Inactive,Few,Indeed,Realistic,No,Average,None,Email,No,Has Questions,Active,None,Present,Yes,Yes,Yes,Job opening in finance. CA preferred. Salary competitive,1
None,No,No,None,No,None,No,Yes,Yes,Yes,Excellent,1 year,Valid SSL,https://linkedin.example,Good,50,10L,1234567890,Some Address,Yes,Excellent,Yahoo,Active,Many,Telegram,Low,Yes,Poor,In-Person,Telegram,Yes,Has Questions,Inactive,Positive,None,Yes,None,Yes,Urgent requirement for developer. Apply now with resume,0
Yes,Yes,Yes,Yes,No,Yes,None,No,No,None,Good,1 year,Valid SSL,https://linkedin.example,Good,50,10L,1234567890,Some Address,Yes,Good,Yahoo,Inactive,Few,Indeed,Low,Yes,Good,None,WhatsApp,Yes,Has Questions,Active,Negative,None,Yes,Yes,Yes,Urgent requirement for developer. Apply now with resume,0
No,Yes,None,None,None,No,Yes,None,None,No,Good,1 year,Valid SSL,https://linkedin.example,Good,50,10L,1234567890,Some Address,Yes,Good,Company Domain,Inactive,Few,WhatsApp,Low,No,Average,None,Telegram,Yes,Has Questions,Active,None,None,Yes,No,None,Frontend developer required - html css js,0
None,Yes,None,No,Yes,No,None,Yes,No,No,Poor,1 year,Valid SSL,https://linkedin.example,Good,50,10L,1234567890,Some Address,Yes,Poor,Company Domain,Inactive,Few,WhatsApp,Realistic,Yes,Average,None,Call,No,Has Questions,Active,Negative,Present,Yes,No,No,Job opening in finance. CA preferred. Salary competitive,0
No,No,Yes,None,No,None,No,No,Yes,None,Poor,1 year,Valid SSL,https://linkedin.example,Good,50,10L,1234567890,Some Address,No,Poor,Yahoo,Active,None,Naukri,Low,Yes,Poor,None,WhatsApp,Yes,Has Questions,Active,Positive,None,No,Yes,No,Hiring marketing executive with good comm skills and sales experience,0
None,None,None,Yes,No,None,Yes,Yes,No,None,Excellent,1 year,Valid SSL,https://linkedin.example,Good,50,10L,1234567890,Some Address,No,Excellent,Outlook,Inactive,Many,Naukri,Low,No,Average,Phone,Call,Yes,Has Questions,Active,Negative,None,No,Yes,No,Job opening in finance. CA preferred. Salary competitive,1
Yes,None,No,No,None,No,None,None,Yes,Yes,Poor,1 year,Valid SSL,https://linkedin.example,Good,50,10L,1234567890,Some Address,Yes,Poor,Company Domain,Active,None,Naukri,Low,Yes,Good,In-Person,WhatsApp,Yes,Has Questions,Active,Negative,Present,Yes,No,None,Looking for software engineer with 2+ years experience in python and django,0
Yes,No,No,No,No,Yes,No,Yes,None,None,Good,1 year,Valid SSL,https://linkedin.example,Good,50,10L,1234567890,Some Address,No,Good,Gmail,Active,Few,Indeed,Low,No,Poor,None,Telegram,Yes,Has Questions,Inactive,Positive,None,No,Yes,Yes,Hiring marketing executive with good comm skills and sales experience,0
None,No,Yes,Yes,No,No,No,Yes,None,No,Excellent,1 year,Valid SSL,https://linkedin.example,Good,50,10L,1234567890,Some Address,Yes,Excellent,Outlook,Inactive,Many,Telegram,Low,Yes,Good,In-Person,Telegram,No,Has Questions,Inactive,Positive,Present,Yes,Yes,No,Urgent requirement for developer. Apply now with resume,0
None,Yes,None,Yes,None,Yes,None,Yes,Yes,Yes,Good,1 year,Valid SSL,https://linkedin.example,Good,50,10L,1234567890,Some Address,No,Good,Gmail,Active,Many,Indeed,Low,Yes,Good,Video,Call,No,Has Questions,Active,Positive,None,No,No,No,Hiring marketing executive with good comm skills and sales experience,0
Yes,Yes,No,None,No,No,No,Yes,None,No,Excellent,1 year,Valid SSL,https://linkedin.example,Good,50,10L,1234567890,Some Address,No,Excellent,Company Domain,Active,None,Indeed,Realistic,Yes,Good,Video,Call,No,Has Questions,Active,None,Present,No,Yes,No,Looking for software engineer with 2+ years experience in python and django,0
No,Yes,Yes,None,None,Yes,Yes,No,None,Yes,Good,1 year,Valid SSL,https://linkedin.example,Good,50,10L,1234567890,Some Address,No,Good,Outlook,Inactive,None,Indeed,High,No,Poor,Phone,WhatsApp,Yes,Has Questions,Inactive,None,None,No,Yes,None,Frontend developer required - html css js,0
Yes,None,Yes,Yes,Yes,No,No,Yes,None,None,Poor,1 year,Valid SSL,https://linkedin.example,Good,50,10L,1234567890,Some Address,Yes,Poor,Outlook,Inactive,None,Naukri,Realistic,Yes,Poor,In-Person,Call,No,Has Questions,Inactive,Negative,None,Yes,No,No,Looking for software engineer with 2+ years experience in python and django,1
Yes,None,No,No,No,None,None,No,No,No,Good,1 year,Valid SSL,https://linkedin.example,Good,50,10L,1234567890,Some Address,No,Good,Company Domain,Inactive,Few,LinkedIn,High,No,Good,Phone,Email,Yes,Has Questions,Active,Negative,None,No,Yes,None,Urgent requirement for developer. Apply now with resume,0
None,Yes,None,No,None,Yes,No,None,Yes,No,Average,1 year,Valid SSL,https://linkedin.example,Good,50,10L,1234567890,Some Address,No,Average,Gmail,Inactive,None,Telegram,Realistic,Yes,Good,Video,Call,No,Has Questions,Inactive,None,Present,No,No,No,Looking for software engineer with 2+ years experience in python and django,0
No,No,No,None,None,No,None,Yes,No,No,Excellent,1 year,Valid SSL,https://linkedin.example,Good,50,10L,1234567890,Some Address,Yes,Excellent,Gmail,Active,Many,Naukri,Low,Yes,Good,In-Person,Telegram,No,Has Questions,Active,Positive,None,Yes,No,None,Urgent requirement for developer. Apply now with resume,0
Yes,Yes,None,None,No,None,Yes,None,Yes,No,Poor,1 year,Valid SSL,https://linkedin.example,Good,50,10L,1234567890,Some Address,Yes,Poor,Yahoo,Active,Many,Naukri,Low,Yes,Poor,In-Person,Email,No,Has Questions,Inactive,None,Present,Yes,Yes,Yes,Looking for software engineer with 2+ years experience in python and django,0
No,No,No,No,Yes,None,None,None,None,No,Good,1 year,Valid SSL,https://linkedin.example,Good,50,10L,1234567890,Some Address,No,Good,Outlook,Inactive,None,LinkedIn,Low,No,Good,In-Person,WhatsApp,Yes,Has Questions,Inactive,None,Present,No,Yes,No,Frontend developer required - html css js,0
None,None,None,Yes,Yes,No,Yes,No,No,None,Poor,1 year,Valid SSL,https://linkedin.example,Good,50,10L,1234567890,Some Address,Yes,Poor,Yahoo,Active,Few,Telegram,High,No,Good,None,WhatsApp,No,Has Questions,Inactive,None,Present,Yes,Yes,No,Hiring marketing executive with good comm skills and sales experience,0
No,Yes,Yes,None,None,No,Yes,None,Yes,No,Good,1 year,Valid SSL,https://linkedin.example,Good,50,10L,1234567890,Some Address,Yes,Good,Gmail,Active,None,LinkedIn,Realistic,Yes,Good,Video,Email,No,Has Questions,Active,Positive,Present,Yes,Yes,None,Urgent requirement for developer. Apply now with resume,1
Yes,None,Yes,Yes,No,No,No,None,No,Yes,Average,1 year,Valid SSL,https://linkedin.example,Good,50,10L,1234567890,Some Address,Yes,Average,Company Domain,Inactive,Many,LinkedIn,Low,Yes,Good,Video,WhatsApp,Yes,Has Questions,Inactive,Negative,Present,Yes,Yes,Yes,Looking for software engineer with 2+ years experience in python and django,0
Yes,No,None,No,None,Yes,None,None,None,None,Poor,1 year,Valid SSL,https://linkedin.example,Good,50,10L,1234567890,Some Address,Yes,Poor,Outlook,Active,Many,WhatsApp,Realistic,No,Poor,In-Person,Telegram,No,Has Questions,Active,Negative,Present,Yes,None,Yes,Looking for software engineer with 2+ years experience in python and django,0
Yes,None,No,None,Yes,No,Yes,No,No,No,Poor,1 year,Valid SSL,https://linkedin.example,Good,50,10L,1234567890,Some Address,No,Poor,Outlook,Inactive,Many,LinkedIn,High,Yes,Poor,In-Person,WhatsApp,No,Has Questions,Active,Positive,Present,No,None,No,Job opening in finance. CA preferred. Salary competitive,1
None,None,Yes,Yes,Yes,None,No,Yes,None,None,Good,1 year,Valid SSL,https://linkedin.example,Good,50,10L,1234567890,Some Address,No,Good,Company Domain,Active,Few,WhatsApp,High,Yes,Average,Video,WhatsApp,No,Has Questions,Inactive,Negative,None,No,No,None,Frontend developer required - html css js,0
No,None,None,No,Yes,Yes,No,Yes,None,No,Excellent,1 year,Valid SSL,https://linkedin.example,Good,50,10L,1234567890,Some Address,Yes,Excellent,Outlook,Active,Few,Telegram,Realistic,Yes,Poor,In-Person,Call,No,Has Questions,Active,None,Present,Yes,No,None,Hiring marketing executive with good comm skills and sales experience,1
Yes,Yes,Yes,None,Yes,No,No,No,None,Yes,Average,1 year,Valid SSL,https://linkedin.example,Good,50,10L,1234567890,Some Address,Yes,Average,Gmail,Inactive,Many,Telegram,Low,Yes,Average,None,Telegram,No,Has Questions,Active,Positive,None,Yes,No,Yes,Frontend developer required - html css js,1
None,Yes,Yes,Yes,None,None,No,No,None,No,Poor,1 year,Valid SSL,https://linkedin.example,Good,50,10L,1234567890,Some Address,Yes,Poor,Outlook,Inactive,Few,Telegram,Low,No,Good,In-Person,Telegram,Yes,Has Questions,Inactive,Positive,Present,Yes,No,Yes,Hiring marketing executive with good comm skills and sales experience,0
No,Yes,No,None,None,No,Yes,Yes,No,Yes,Excellent,1 year,Valid SSL,https://linkedin.example,Good,50,10L,1234567890,Some Address,No,Excellent,Outlook,Active,Few,Telegram,High,Yes,Average,None,Telegram,No,Has Questions,Inactive,Positive,None,No,None,None,Looking for software engineer with 2+ years experience in python and django,0
None,No,Yes,No,No,None,Yes,No,None,No,Average,1 year,Valid SSL,https://linkedin.example,Good,50,10L,1234567890,Some Address,No,Average,Yahoo,Inactive,Few,Indeed,Low,Yes,Poor,Video,Call,Yes,Has Questions,Active,Positive,None,No,No,No,Looking for software engineer with 2+ years experience in python and django,1
None,No,None,Yes,No,None,No,Yes,Yes,No,Excellent,1 year,Valid SSL,https://linkedin.example,Good,50,10L,1234567890,Some Address,No,Excellent,Yahoo,Active,Few,LinkedIn,High,No,Average,Phone,Email,Yes,Has Questions,Active,None,Present,No,Yes,None,Urgent requirement for developer. Apply now with resume,0
None,No,Yes,None,None,No,Yes,None,None,None,Poor,1 year,Valid SSL,https://linkedin.example,Good,50,10L,1234567890,Some Address,Yes,Poor,Gmail,Inactive,Many,Indeed,Realistic,Yes,Poor,Phone,Email,Yes,Has Questions,Inactive,Positive,Present,Yes,Yes,No,Job opening in finance. CA preferred. Salary competitive,0
No,None,None,Yes,Yes,No,None,None,None,Yes,Poor,1 year,Valid SSL,https://linkedin.example,Good,50,10L,1234567890,Some Address,No,Poor,Gmail,Active,Many,Naukri,Realistic,No,Good,Phone,Call,No,Has Questions,Inactive,Positive,Present,No,None,Yes,Urgent requirement for developer. Apply now with resume,0
No,None,None,No,Yes,Yes,No,Yes,No,No,Good,1 year,Valid SSL,https://linkedin.example,Good,50,10L,1234567890,Some Address,Yes,Good,Company Domain,Inactive,Many,Indeed,Realistic,Yes,Poor,Video,Email,Yes,Has Questions,Active,Negative,Present,Yes,No,Yes,Looking for software engineer with 2+ years experience in python and django,1
No,No,No,Yes,None,None,No,None,None,Yes,Poor,1 year,Valid SSL,https://linkedin.example,Good,50,10L,1234567890,Some Address,Yes,Poor,Outlook,Active,Many,Telegram,Low,Yes,Poor,Video,WhatsApp,No,Has Questions,Inactive,Positive,None,Yes,No,None,Hiring marketing executive with good comm skills and sales experience,1
No,None,None,None,Yes,Yes,None,Yes,Yes,None,Average,1 year,Valid SSL,https://linkedin.example,Good,50,10L,1234567890,Some Address,No,Average,Yahoo,Active,Few,WhatsApp,High,No,Poor,In-Person,WhatsApp,Yes,Has Questions,Inactive,Positive,Present,No,None,Yes,Hiring marketing executive with good comm skills and sales experience,0
None,Yes,No,None,None,Yes,None,Yes,No,Yes,Good,1 year,Valid SSL,https://linkedin.example,Good,50,10L,1234567890,Some Address,Yes,Good,Outlook,Active,Few,WhatsApp,Low,No,Average,Phone,Telegram,No,Has Questions,Inactive,None,None,Yes,Yes,None,Frontend developer required - html css js,1
None,None,No,No,Yes,None,Yes,None,No,Yes,Good,1 year,Valid SSL,https://linkedin.example,Good,50,10L,1234567890,Some Address,Yes,Good,Yahoo,Inactive,None,WhatsApp,High,No,Poor,Phone,Email,No,Has Questions,Inactive,None,Present,Yes,None,No,Frontend developer required - html css js,0
No,None,Yes,No,No,Yes,No,No,None,Yes,Average,1 year,Valid SSL,https://linkedin.example,Good,50,10L,1234567890,Some Address,Yes,Average,Company Domain,Inactive,Few,Indeed,Low,Yes,Good,In-Person,Email,No,Has Questions,Active,None,None,Yes,Yes,Yes,Looking for software engineer with 2+ years experience in python and django,1
None,No,Yes,No,None,No,No,No,Yes,No,Average,1 year,Valid SSL,https://linkedin.example,Good,50,10L,1234567890,Some Address,No,Average,Company Domain,Active,None,LinkedIn,Low,Yes,Average,Video,Telegram,No,Has Questions,Inactive,None,None,No,No,No,Job opening in finance. CA preferred. Salary competitive,0
No,No,No,No,Yes,No,None,Yes,Yes,None,Poor,1 year,Valid SSL,https://linkedin.example,Good,50,10L,1234567890,Some Address,No,Poor,Outlook,Active,None,WhatsApp,Realistic,No,Average,In-Person,Call,No,Has Questions,Inactive,Positive,Present,No,None,Yes,Looking for software engineer with 2+ years experience in python and django,0
Yes,No,Yes,No,Yes,Yes,Yes,No,Yes,No,Average,1 year,Valid SSL,https://linkedin.example,Good,50,10L,1234567890,Some Address,No,Average,Outlook,Active,Many,Telegram,Realistic,No,Poor,Phone,Email,No,Has Questions,Active,Negative,Present,No,Yes,None,Hiring marketing executive with good comm skills and sales experience,0
None,Yes,No,No,Yes,No,No,Yes,None,None,Average,1 year,Valid SSL,https://linkedin.example,Good,50,10L,1234567890,Some Address,No,Average,Yahoo,Active,None,Telegram,High,No,Good,In-Person,Call,No,Has Questions,Inactive,Negative,None,No,None,Yes,Job opening in finance. CA preferred. Salary competitive,1
No,Yes,None,Yes,None,None,None,No,No,Yes,Good,1 year,Valid SSL,https://linkedin.example,Good,50,10L,1234567890,Some Address,No,Good,Gmail,Active,None,LinkedIn,High,Yes,Good,In-Person,Email,Yes,Has Questions,Inactive,Negative,None,No,No,None,Hiring marketing executive with good comm skills and sales experience,1
None,No,Yes,None,None,None,No,None,No,Yes,Good,1 year,Valid SSL,https://linkedin.example,Good,50,10L,1234567890,Some Address,No,Good,Gmail,Active,None,Naukri,High,Yes,Good,In-Person,Call,No,Has Questions,Inactive,Negative,None,No,Yes,None,Looking for software engineer with 2+ years experience in python and django,1
No,No,None,None,Yes,None,No,No,No,None,Poor,1 year,Valid SSL,https://linkedin.example,Good,50,10L,1234567890,Some Address,Yes,Poor,Yahoo,Active,Many,LinkedIn,Low,Yes,Good,None,Telegram,Yes,Has Questions,Inactive,Positive,None,Yes,Yes,None,Hiring marketing executive with good comm skills and sales experience,1
Yes,No,None,None,No,None,Yes,No,None,None,Average,1 year,Valid SSL,https://linkedin.example,Good,50,10L,1234567890,Some Address,No,Average,Company Domain,Active,Many,LinkedIn,Realistic,No,Average,Video,Telegram,Yes,Has Questions,Active,Positive,Present,No,None,Yes,Urgent requirement for developer. Apply now with resume,1
Yes,No,No,No,No,No,No,Yes,Yes,Yes,Poor,1 year,Valid SSL,https://linkedin.example,Good,50,10L,1234567890,Some Address,No,Poor,Gmail,Inactive,Many,Indeed,High,Yes,Average,Phone,WhatsApp,No,Has Questions,Inactive,None,Present,No,Yes,Yes,Urgent requirement for developer. Apply now with resume,0
None,No,None,Yes,None,No,None,No,No,No,Good,1 year,Valid SSL,https://linkedin.example,Good,50,10L,1234567890,Some Address,Yes,Good,Gmail,Inactive,None,LinkedIn,Realistic,No,Average,Phone,Call,No,Has Questions,Inactive,None,Present,Yes,None,None,Urgent requirement for developer. Apply now with resume,1
No,Yes,None,None,None,No,No,Yes,None,No,Good,1 year,Valid SSL,https://linkedin.example,Good,50,10L,1234567890,Some Address,No,Good,Yahoo,Active,Few,Naukri,High,Yes,Average,Video,Call,No,Has Questions,Inactive,Negative,None,No,No,Yes,Urgent requirement for developer. Apply now with resume,0
None,None,None,None,No,Yes,None,Yes,Yes,No,Average,1 year,Valid SSL,https://linkedin.example,Good,50,10L,1234567890,Some Address,No,Average,Gmail,Active,Many,Naukri,Realistic,Yes,Poor,None,Email,No,Has Questions,Active,None,Present,No,No,None,Urgent requirement for developer. Apply now with resume,0
No,No,No,Yes,None,None,No,Yes,No,Yes,Good,1 year,Valid SSL,https://linkedin.example,Good,50,10L,1234567890,Some Address,No,Good,Company Domain,Active,Few,Indeed,High,No,Good,None,Email,Yes,Has Questions,Active,None,None,No,Yes,Yes,Hiring marketing executive with good comm skills and sales experience,1
None,No,None,Yes,No,Yes,No,Yes,No,No,Excellent,1 year,Valid SSL,https://linkedin.example,Good,50,10L,1234567890,Some Address,No,Excellent,Company Domain,Active,Few,Indeed,Realistic,Yes,Poor,None,WhatsApp,Yes,Has Questions,Active,Positive,None,No,Yes,Yes,Urgent requirement for developer. Apply now with resume,0
No,No,Yes,None,None,None,No,Yes,None,No,Average,1 year,Valid SSL,https://linkedin.example,Good,50,10L,1234567890,Some Address,No,Average,Gmail,Active,None,Telegram,Realistic,No,Good,Phone,Email,No,Has Questions,Inactive,Negative,Present,No,Yes,No,Urgent requirement for developer. Apply now with resume,0
No,No,Yes,No,Yes,None,No,Yes,No,None,Average,1 year,Valid SSL,https://linkedin.example,Good,50,10L,1234567890,Some Address,Yes,Average,Outlook,Inactive,Many,LinkedIn,High,No,Average,In-Person,WhatsApp,No,Has Questions,Active,None,None,Yes,No,None,Job opening in finance. CA preferred. Salary competitive,1
Yes,Yes,None,None,None,Yes,No,None,Yes,None,Poor,1 year,Valid SSL,https://linkedin.example,Good,50,10L,1234567890,Some Address,No,Poor,Company Domain,Inactive,Many,Telegram,Low,No,Good,Video,WhatsApp,Yes,Has Questions,Inactive,Negative,Present,No,Yes,Yes,Urgent requirement for developer. Apply now with resume,0
None,Yes,None,Yes,No,Yes,No,None,No,None,Average,1 year,Valid SSL,https://linkedin.example,Good,50,10L,1234567890,Some Address,Yes,Average,Gmail,Inactive,Many,Naukri,High,No,Good,Phone,Telegram,No,Has Questions,Inactive,None,Present,Yes,No,No,Hiring marketing executive with good comm skills and sales experience,1
Yes,Yes,No,No,None,Yes,No,No,No,None,Poor,1 year,Valid SSL,https://linkedin.example,Good,50,10L,1234567890,Some Address,No,Poor,Company Domain,Active,Many,LinkedIn,Low,No,Poor,Video,Email,Yes,Has Questions,Active,None,None,No,No,Yes,Job opening in finance. CA preferred. Salary competitive,0
None,None,No,Yes,None,Yes,No,None,None,Yes,Excellent,1 year,Valid SSL,https://linkedin.example,Good,50,10L,1234567890,Some Address,No,Excellent,Outlook,Inactive,None,LinkedIn,Realistic,Yes,Good,In-Person,Call,No,Has Questions,Active,Positive,Present,No,No,None,Job opening in finance. CA preferred. Salary competitive,0
Yes,Yes,None,None,None,Yes,None,Yes,Yes,Yes,Good,1 year,Valid SSL,https://linkedin.example,Good,50,10L,1234567890,Some Address,Yes,Good,Outlook,Inactive,Few,Naukri,High,Yes,Good,Video,Email,No,Has Questions,Inactive,None,None,Yes,Yes,No,Looking for software engineer with 2+ years experience in python and django,0
No,Yes,Yes,Yes,Yes,None,No,Yes,Yes,No,Excellent,1 year,Valid SSL,https://linkedin.example,Good,50,10L,1234567890,Some Address,Yes,Excellent,Yahoo,Active,Many,WhatsApp,Low,No,Poor,None,WhatsApp,No,Has Questions,Active,Negative,None,Yes,None,Yes,Frontend developer required - html css js,0
No,Yes,None,Yes,None,None,Yes,None,No,No,Average,1 year,Valid SSL,https://linkedin.example,Good,50,10L,1234567890,Some Address,No,Average,Outlook,Active,Few,Naukri,Realistic,Yes,Average,Phone,Telegram,No,Has Questions,Inactive,None,None,No,None,No,Hiring marketing executive with good comm skills and sales experience,1
None,No,No,Yes,No,No,None,None,No,None,Poor,1 year,Valid SSL,https://linkedin.example,Good,50,10L,1234567890,Some Address,Yes,Poor,Outlook,Active,Many,Naukri,Low,No,Poor,None,Email,No,Has Questions,Inactive,Negative,Present,Yes,Yes,None,Hiring marketing executive with good comm skills and sales experience,1
No,No,Yes,No,Yes,No,Yes,None,None,None,Excellent,1 year,Valid SSL,https://linkedin.example,Good,50,10L,1234567890,Some Address,No,Excellent,Company Domain,Inactive,None,LinkedIn,Realistic,Yes,Good,Video,WhatsApp,No,Has Questions,Inactive,None,None,No,No,No,Frontend developer required - html css js,0
None,No,None,No,None,Yes,Yes,No,None,No,Poor,1 year,Valid SSL,https://linkedin.example,Good,50,10L,1234567890,Some Address,No,Poor,Outlook,Active,Few,WhatsApp,High,Yes,Poor,Video,Email,No,Has Questions,Active,Positive,Present,No,No,Yes,Frontend developer required - html css js,1
No,No,None,None,Yes,None,None,No,None,No,Average,1 year,Valid SSL,https://linkedin.example,Good,50,10L,1234567890,Some Address,Yes,Average,Gmail,Inactive,Many,WhatsApp,Low,Yes,Average,Phone,Email,Yes,Has Questions,Inactive,None,Present,Yes,No,No,Hiring marketing executive with good comm skills and sales experience,1
None,Yes,None,No,No,None,Yes,None,No,None,Poor,1 year,Valid SSL,https://linkedin.example,Good,50,10L,1234567890,Some Address,Yes,Poor,Outlook,Inactive,Few,Indeed,Realistic,Yes,Good,Video,Email,Yes,Has Questions,Inactive,Negative,Present,Yes,No,No,Hiring marketing executive with good comm skills and sales experience,1
No,Yes,No,No,No,None,No,No,None,Yes,Excellent,1 year,Valid SSL,https://linkedin.example,Good,50,10L,1234567890,Some Address,Yes,Excellent,Company Domain,Active,Many,Telegram,Low,No,Good,Video,Email,No,Has Questions,Inactive,None,None,Yes,No,None,Job opening in finance. CA preferred. Salary competitive,0
Yes,None,None,Yes,None,Yes,Yes,None,Yes,None,Good,1 year,Valid SSL,https://linkedin.example,Good,50,10L,1234567890,Some Address,No,Good,Gmail,Inactive,Many,WhatsApp,Low,No,Average,In-Person,WhatsApp,No,Has Questions,Inactive,Positive,None,No,None,No,Hiring marketing executive with good comm skills and sales experience,0
None,None,No,None,Yes,Yes,None,None,No,No,Good,1 year,Valid SSL,https://linkedin.example,Good,50,10L,1234567890,Some Address,Yes,Good,Company Domain,Active,Many,WhatsApp,High,Yes,Poor,In-Person,Call,Yes,Has Questions,Inactive,Negative,None,Yes,None,None,Frontend developer required - html css js,1
No,No,Yes,Yes,None,No,None,Yes,Yes,None,Excellent,1 year,Valid SSL,https://linkedin.example,Good,50,10L,1234567890,Some Address,No,Excellent,Outlook,Inactive,None,Naukri,Realistic,Yes,Good,None,Telegram,No,Has Questions,Inactive,Positive,None,No,Yes,None,Looking for software engineer with 2+ years experience in python and django,0
Yes,None,None,No,None,None,No,None,None,Yes,Good,1 year,Valid SSL,https://linkedin.example,Good,50,10L,1234567890,Some Address,No,Good,Gmail,Inactive,Many,Naukri,Low,Yes,Average,None,Email,Yes,Has Questions,Inactive,Positive,None,No,Yes,Yes,Hiring marketing executive with good comm skills and sales experience,1
Yes,None,Yes,No,No,None,None,None,None,No,Excellent,1 year,Valid SSL,https://linkedin.example,Good,50,10L,1234567890,Some Address,Yes,Excellent,Company Domain,Inactive,Many,Indeed,Realistic,No,Poor,In-Person,Email,No,Has Questions,Active,Negative,Present,Yes,No,Yes,Frontend developer required - html css js,0
None,No,No,No,No,None,No,No,No,None,Poor,1 year,Valid SSL,https://linkedin.example,Good,50,10L,1234567890,Some Address,Yes,Poor,Gmail,Inactive,Few,Telegram,High,Yes,Average,Video,WhatsApp,Yes,Has Questions,Inactive,Positive,None,Yes,None,No,Looking for software engineer with 2+ years experience in python and django,0
Yes,Yes,No,No,Yes,No,No,No,No,None,Average,1 year,Valid SSL,https://linkedin.example,Good,50,10L,1234567890,Some Address,No,Average,Outlook,Inactive,None,WhatsApp,Low,Yes,Average,Video,Call,Yes,Has Questions,Inactive,Negative,None,No,No,No,Hiring marketing executive with good comm skills and sales experience,0
None,No,None,Yes,No,Yes,Yes,Yes,None,No,Average,1 year,Valid SSL,https://linkedin.example,Good,50,10L,1234567890,Some Address,No,Average,Yahoo,Inactive,Few,WhatsApp,High,No,Good,In-Person,WhatsApp,No,Has Questions,Active,Positive,None,No,No,Yes,Urgent requirement for developer. Apply now with resume,0
No,None,Yes,None,No,No,Yes,Yes,None,Yes,Excellent,1 year,Valid SSL,https://linkedin.example,Good,50,10L,1234567890,Some Address,Yes,Excellent,Company Domain,Active,None,LinkedIn,Low,No,Good,Phone,Telegram,Yes,Has Questions,Inactive,Negative,None,Yes,No,None,Frontend developer required - html css js,0
No,None,No,No,Yes,Yes,No,No,Yes,Yes,Good,1 year,Valid SSL,https://linkedin.example,Good,50,10L,1234567890,Some Address,Yes,Good,Outlook,Inactive,Few,LinkedIn,Low,No,Average,Phone,Telegram,No,Has Questions,Inactive,None,None,Yes,No,Yes,Hiring marketing executive with good comm skills and sales experience,0
No,Yes,No,Yes,None,No,No,None,None,No,Poor,1 year,Valid SSL,https://linkedin.example,Good,50,10L,1234567890,Some Address,Yes,Poor,Gmail,Active,Few,Naukri,Low,No,Average,None,Email,Yes,Has Questions,Inactive,None,Present,Yes,None,No,Job opening in finance. CA preferred. Salary competitive,1
None,No,None,No,Yes,No,None,Yes,Yes,Yes,Average,1 year,Valid SSL,https://linkedin.example,Good,50,10L,1234567890,Some Address,No,Average,Yahoo,Active,None,WhatsApp,High,No,Good,Phone,Telegram,Yes,Has Questions,Inactive,Positive,Present,No,Yes,Yes,Hiring marketing executive with good comm skills and sales experience,1
Yes,None,Yes,No,None,None,Yes,No,No,No,Excellent,1 year,Valid SSL,https://linkedin.example,Good,50,10L,1234567890,Some Address,Yes,Excellent,Yahoo,Active,None,WhatsApp,Realistic,No,Average,None,WhatsApp,No,Has Questions,Inactive,Negative,Present,Yes,None,No,Hiring marketing executive with good comm skills and sales experience,1
None,No,None,Yes,No,Yes,Yes,No,None,No,Poor,1 year,Valid SSL,https://linkedin.example,Good,50,10L,1234567890,Some Address,Yes,Poor,Yahoo,Active,Few,LinkedIn,Low,Yes,Poor,Phone,Call,No,Has Questions,Active,None,Present,Yes,Yes,Yes,Urgent requirement for developer. Apply now with resume,1
No,None,Yes,None,None,None,None,Yes,No,No,Poor,1 year,Valid SSL,https://linkedin.example,Good,50,10L,1234567890,Some Address,No,Poor,Yahoo,Active,Few,Indeed,Low,No,Good,None,Call,Yes,Has Questions,Active,Positive,Present,No,None,Yes,Job opening in finance. CA preferred. Salary competitive,1
Yes,None,No,Yes,No,No,None,No,Yes,None,Excellent,1 year,Valid SSL,https://linkedin.example,Good,50,10L,1234567890,Some Address,Yes,Excellent,Company Domain,Inactive,Many,LinkedIn,Low,Yes,Average,In-Person,Email,No,Has Questions,Active,Positive,Present,Yes,None,No,Job opening in finance. CA preferred. Salary competitive,1
Yes,No,No,None,None,No,None,No,No,No,Excellent,1 year,Valid SSL,https://linkedin.example,Good,50,10L,1234567890,Some Address,No,Excellent,Yahoo,Inactive,Many,Naukri,Realistic,Yes,Poor,Video,Telegram,Yes,Has Questions,Active,Negative,None,No,No,None,Job opening in finance. CA preferred. Salary competitive,1
No,None,No,Yes,No,No,None,Yes,None,Yes,Excellent,1 year,Valid SSL,https://linkedin.example,Good,50,10L,1234567890,Some Address,Yes,Excellent,Gmail,Active,None,Naukri,Low,No,Poor,Phone,Telegram,No,Has Questions,Active,None,Present,Yes,None,No,Looking for software engineer with 2+ years experience in python and django,0
No,None,No,Yes,None,Yes,No,None,Yes,None,Good,1 year,Valid SSL,https://linkedin.example,Good,50,10L,1234567890,Some Address,No,Good,Gmail,Inactive,Few,Indeed,High,No,Poor,Phone,Email,Yes,Has Questions,Active,Positive,Present,No,No,None,Frontend developer required - html css js,0
Yes,None,No,No,None,Yes,Yes,Yes,Yes,None,Good,1 year,Valid SSL,https://linkedin.example,Good,50,10L,1234567890,Some Address,Yes,Good,Company Domain,Inactive,Few,WhatsApp,Low,Yes,Poor,Video,Telegram,No,Has Questions,Active,None,None,Yes,None,No,Hiring marketing executive with good comm skills and sales experience,1
None,No,Yes,No,No,None,No,No,No,None,Good,1 year,Valid SSL,https://linkedin.example,Good,50,10L,1234567890,Some Address,No,Good,Gmail,Inactive,None,WhatsApp,Low,No,Average,Phone,WhatsApp,Yes,Has Questions,Inactive,Negative,None,No,None,No,Hiring marketing executive with good comm skills and sales experience,0
None,No,Yes,Yes,None,None,None,None,None,Yes,Good,1 year,Valid SSL,https://linkedin.example,Good,50,10L,1234567890,Some Address,Yes,Good,Gmail,Inactive,Many,Telegram,High,No,Average,Phone,Telegram,Yes,Has Questions,Active,None,None,Yes,No,No,Looking for software engineer with 2+ years experience in python and django,1
None,Yes,Yes,No,No,No,Yes,None,None,No,Poor,1 year,Valid SSL,https://linkedin.example,Good,50,10L,1234567890,Some Address,Yes,Poor,Yahoo,Inactive,Many,WhatsApp,Realistic,No,Average,Video,Call,Yes,Has Questions,Active,None,Present,Yes,None,Yes,Looking for software engineer with 2+ years experience in python and django,1
None,None,Yes,None,Yes,Yes,Yes,No,None,No,Excellent,1 year,Valid SSL,https://linkedin.example,Good,50,10L,1234567890,Some Address,No,Excellent,Outlook,Inactive,None,Naukri,High,Yes,Good,None,WhatsApp,Yes,Has Questions,Inactive,Positive,None,No,None,Yes,Job opening in finance. CA preferred. Salary competitive,0
None,No,None,None,None,Yes,Yes,Yes,Yes,Yes,Poor,1 year,Valid SSL,https://linkedin.example,Good,50,10L,1234567890,Some Address,Yes,Poor,Outlook,Active,None,Indeed,Low,Yes,Good,Video,Email,No,Has Questions,Inactive,Negative,None,Yes,No,None,Hiring marketing executive with good comm skills and sales experience,1
None,Yes,None,No,None,No,None,None,None,No,Excellent,1 year,Valid SSL,https://linkedin.example,Good,50,10L,1234567890,Some Address,No,Excellent,Yahoo,Active,Many,LinkedIn,Low,Yes,Average,Video,Call,Yes,Has Questions,Active,None,None,No,No,Yes,Looking for software engineer with 2+ years experience in python and django,0
No,Yes,None,None,Yes,No,None,None,None,Yes,Average,1 year,Valid SSL,https://linkedin.example,Good,50,10L,1234567890,Some Address,No,Average,Outlook,Active,Few,WhatsApp,Realistic,No,Poor,Video,WhatsApp,Yes,Has Questions,Inactive,None,Present,No,Yes,No,Urgent requirement for developer. Apply now with resume,1
None,No,No,No,No,No,Yes,No,No,None,Excellent,1 year,Valid SSL,https://linkedin.example,Good,50,10L,1234567890,Some Address,No,Excellent,Gmail,Active,None,Telegram,Realistic,Yes,Average,Video,WhatsApp,No,Has Questions,Active,Negative,Present,No,No,None,Looking for software engineer with 2+ years experience in python and django,0
None,Yes,Yes,Yes,None,No,Yes,None,No,No,Excellent,1 year,Valid SSL,https://linkedin.example,Good,50,10L,1234567890,Some Address,Yes,Excellent,Outlook,Inactive,Few,WhatsApp,Realistic,Yes,Poor,In-Person,WhatsApp,No,Has Questions,Inactive,Negative,Present,Yes,Yes,Yes,Job opening in finance. CA preferred. Salary competitive,1
No,None,Yes,Yes,Yes,None,No,No,Yes,Yes,Good,1 year,Valid SSL,https://linkedin.example,Good,50,10L,1234567890,Some Address,Yes,Good,Yahoo,Inactive,None,LinkedIn,High,No,Poor,Phone,Call,No,Has Questions,Active,Negative,Present,Yes,None,No,Frontend developer required - html css js,1
None,No,Yes,None,Yes,Yes,Yes,Yes,No,No,Good,1 year,Valid SSL,https://linkedin.example,Good,50,10L,1234567890,Some Address,Yes,Good,Yahoo,Active,None,Telegram,High,No,Average,Phone,WhatsApp,No,Has Questions,Inactive,Negative,Present,Yes,No,None,Frontend developer required - html css js,0
Yes,None,None,None,No,Yes,No,Yes,No,Yes,Excellent,1 year,Valid SSL,https://linkedin.example,Good,50,10L,1234567890,Some Address,Yes,Excellent,Yahoo,Inactive,Few,LinkedIn,Low,No,Average,Video,Email,Yes,Has Questions,Active,None,Present,Yes,None,Yes,Job opening in finance. CA preferred. Salary competitive,1
No,No,None,Yes,None,None,No,No,None,No,Good,1 year,Valid SSL,https://linkedin.example,Good,50,10L,1234567890,Some Address,Yes,Good,Outlook,Active,Few,LinkedIn,Realistic,Yes,Good,Phone,Email,Yes,Has Questions,Active,Negative,Present,Yes,None,Yes,Hiring marketing executive with good comm skills and sales experience,1
Yes,Yes,Yes,Yes,No,Yes,None,None,None,Yes,Good,1 year,Valid SSL,https://linkedin.example,Good,50,10L,1234567890,Some Address,No,Good,Yahoo,Inactive,Many,WhatsApp,Low,Yes,Good,In-Person,Telegram,Yes,Has Questions,Inactive,Positive,Present,No,No,No,Job opening in finance. CA preferred. Salary competitive,0
No,No,None,Yes,No,None,No,No,None,No,Excellent,1 year,Valid SSL,https://linkedin.example,Good,50,10L,1234567890,Some Address,No,Excellent,Gmail,Inactive,None,Indeed,Realistic,No,Good,Video,Call,Yes,Has Questions,Inactive,Positive,None,No,No,Yes,Looking for software engineer with 2+ years experience in python and django,1
No,Yes,Yes,No,No,No,Yes,No,Yes,No,Excellent,1 year,Valid SSL,https://linkedin.example,Good,50,10L,1234567890,Some Address,No,Excellent,Outlook,Inactive,Many,Telegram,Low,No,Average,Phone,Email,Yes,Has Questions,Active,Negative,None,No,No,Yes,Hiring marketing executive with good comm skills and sales experience,0
No,None,No,No,No,Yes,Yes,Yes,None,None,Excellent,1 year,Valid SSL,https://linkedin.example,Good,50,10L,1234567890,Some Address,Yes,Excellent,Yahoo,Active,Many,Naukri,High,Yes,Average,None,Email,No,Has Questions,Active,Negative,None,Yes,Yes,None,Hiring marketing executive with good comm skills and sales experience,0
No,None,None,None,No,None,Yes,Yes,Yes,None,Average,1 year,Valid SSL,https://linkedin.example,Good,50,10L,1234567890,Some Address,Yes,Average,Outlook,Active,Few,Telegram,Low,No,Good,Phone,Email,Yes,Has Questions,Active,Positive,None,Yes,None,No,Job opening in finance. CA preferred. Salary competitive,1
Yes,Yes,Yes,No,None,None,None,Yes,Yes,Yes,Excellent,1 year,Valid SSL,https://linkedin.example,Good,50,10L,1234567890,Some Address,Yes,Excellent,Company Domain,Active,Few,Indeed,Realistic,No,Good,None,Call,No,Has Questions,Inactive,Negative,None,Yes,No,None,Job opening in finance. CA preferred. Salary competitive,0
Yes,None,Yes,Yes,None,None,None,None,No,No,Poor,1 year,Valid SSL,https://linkedin.example,Good,50,10L,1234567890,Some Address,No,Poor,Gmail,Inactive,None,LinkedIn,Realistic,Yes,Poor,Phone,Telegram,No,Has Questions,Active,Positive,None,No,Yes,Yes,Hiring marketing executive with good comm skills and sales experience,0
None,Yes,No,Yes,Yes,Yes,Yes,Yes,No,Yes,Good,1 year,Valid SSL,https://linkedin.example,Good,50,10L,1234567890,Some Address,No,Good,Outlook,Inactive,None,WhatsApp,Realistic,No,Poor,In-Person,Email,Yes,Has Questions,Active,Positive,None,No,None,None,Looking for software engineer with 2+ years experience in python and django,0
None,None,No,No,Yes,None,None,No,None,Yes,Poor,1 year,Valid SSL,https://linkedin.example,Good,50,10L,1234567890,Some Address,No,Poor,Yahoo,Inactive,Many,Naukri,Realistic,Yes,Average,Phone,Telegram,No,Has Questions,Inactive,Positive,None,No,None,No,Frontend developer required - html css js,1
No,Yes,None,None,None,Yes,No,No,No,None,Poor,1 year,Valid SSL,https://linkedin.example,Good,50,10L,1234567890,Some Address,Yes,Poor,Company Domain,Active,Few,Naukri,Low,No,Poor,In-Person,Call,Yes,Has Questions,Active,None,None,Yes,No,Yes,Job opening in finance. CA preferred. Salary competitive,1
No,None,Yes,No,Yes,Yes,Yes,Yes,None,None,Poor,1 year,Valid SSL,https://linkedin.example,Good,50,10L,1234567890,Some Address,No,Poor,Yahoo,Inactive,None,Indeed,Low,Yes,Good,Video,Telegram,Yes,Has Questions,Active,None,Present,No,None,Yes,Frontend developer required - html css js,0
None,None,No,Yes,No,None,Yes,None,None,Yes,Excellent,1 year,Valid SSL,https://linkedin.example,Good,50,10L,1234567890,Some Address,No,Excellent,Outlook,Active,Many,Telegram,High,No,Poor,None,Email,Yes,Has Questions,Active,Positive,Present,No,Yes,No,Urgent requirement for developer. Apply now with resume,0
Yes,No,None,None,No,None,None,None,No,None,Average,1 year,Valid SSL,https://linkedin.example,Good,50,10L,1234567890,Some Address,No,Average,Outlook,Inactive,Many,Naukri,Low,Yes,Average,Phone,Telegram,Yes,Has Questions,Inactive,None,None,No,Yes,No,Looking for software engineer with 2+ years experience in python and django,1
Yes,None,None,Yes,Yes,None,Yes,Yes,None,None,Good,1 year,Valid SSL,https://linkedin.example,Good,50,10L,1234567890,Some Address,No,Good,Gmail,Inactive,Few,LinkedIn,Realistic,Yes,Good,None,WhatsApp,No,Has Questions,Inactive,Positive,None,No,No,Yes,Frontend developer required - html css js,0
Yes,No,Yes,No,No,None,Yes,Yes,None,No,Poor,1 year,Valid SSL,https://linkedin.example,Good,50,10L,1234567890,Some Address,Yes,Poor,Yahoo,Active,Few,Telegram,High,Yes,Poor,None,WhatsApp,Yes,Has Questions,Active,Negative,Present,Yes,No,Yes,Looking for software engineer with 2+ years experience in python and django,1
No,No,No,None,None,No,None,None,None,None,Good,1 year,Valid SSL,https://linkedin.example,Good,50,10L,1234567890,Some Address,No,Good,Yahoo,Active,Many,Naukri,High,Yes,Average,Video,Telegram,No,Has Questions,Inactive,Negative,None,No,No,Yes,Job opening in finance. CA preferred. Salary competitive,1
No,No,No,None,Yes,No,Yes,None,Yes,No,Good,1 year,Valid SSL,https://linkedin.example,Good,50,10L,1234567890,Some Address,Yes,Good,Outlook,Active,None,Telegram,Realistic,No,Average,None,Telegram,Yes,Has Questions,Active,None,Present,Yes,Yes,No,Job opening in finance. CA preferred. Salary competitive,1
No,No,None,None,No,None,None,None,None,None,Good,1 year,Valid SSL,https://linkedin.example,Good,50,10L,1234567890,Some Address,Yes,Good,Gmail,Active,None,Telegram,Realistic,No,Good,Phone,Email,Yes,Has Questions,Inactive,Negative,Present,Yes,None,No,Looking for software engineer with 2+ years experience in python and django,1
No,No,No,No,No,No,No,None,None,Yes,Average,1 year,Valid SSL,https://linkedin.example,Good,50,10L,1234567890,Some Address,Yes,Average,Company Domain,Inactive,None,Indeed,Low,No,Poor,Video,WhatsApp,No,Has Questions,Inactive,None,Present,Yes,Yes,No,Job opening in finance. CA preferred. Salary competitive,1
None,None,Yes,No,No,No,No,None,Yes,None,Poor,1 year,Valid SSL,https://linkedin.example,Good,50,10L,1234567890,Some Address,Yes,Poor,Gmail,Active,None,WhatsApp,Realistic,No,Average,Phone,Call,Yes,Has Questions,Active,None,Present,Yes,None,None,Job opening in finance. CA preferred. Salary competitive,1
Yes,Yes,Yes,No,Yes,None,Yes,Yes,None,Yes,Excellent,1 year,Valid SSL,https://linkedin.example,Good,50,10L,1234567890,Some Address,No,Excellent,Company Domain,Active,None,Naukri,High,No,Average,Video,Email,No,Has Questions,Inactive,Positive,None,No,None,None,Looking for software engineer with 2+ years experience in python and django,0
Yes,Yes,No,Yes,Yes,Yes,None,Yes,No,No,Excellent,1 year,Valid SSL,https://linkedin.example,Good,50,10L,1234567890,Some Address,No,Excellent,Company Domain,Active,Few,LinkedIn,High,No,Poor,In-Person,Telegram,No,Has Questions,Inactive,None,None,No,Yes,None,Looking for software engineer with 2+ years experience in python and django,0
No,No,None,None,No,None,Yes,None,Yes,No,Average,1 year,Valid SSL,https://linkedin.example,Good,50,10L,1234567890,Some Address,No,Average,Yahoo,Active,None,Indeed,Low,No,Average,Video,Email,Yes,Has Questions,Inactive,Negative,Present,No,No,No,Urgent requirement for developer. Apply now with resume,0
Yes,Yes,No,None,Yes,No,None,No,No,None,Good,1 year,Valid SSL,https://linkedin.example,Good,50,10L,1234567890,Some Address,No,Good,Yahoo,Active,Many,Naukri,Realistic,Yes,Good,Video,WhatsApp,No,Has Questions,Active,Negative,Present,No,Yes,No,Looking for software engineer with 2+ years experience in python and django,1
No,Yes,No,No,No,No,No,Yes,Yes,None,Average,1 year,Valid SSL,https://linkedin.example,Good,50,10L,1234567890,Some Address,No,Average,Company Domain,Active,Few,Naukri,Realistic,Yes,Average,Phone,Call,Yes,Has Questions,Active,Negative,Present,No,Yes,None,Job opening in finance. CA preferred. Salary competitive,1
Yes,No,Yes,Yes,No,Yes,No,No,No,No,Excellent,1 year,Valid SSL,https://linkedin.example,Good,50,10L,1234567890,Some Address,No,Excellent,Gmail,Inactive,None,Naukri,Realistic,No,Poor,Video,Telegram,No,Has Questions,Inactive,Positive,Present,No,None,Yes,Job opening in finance. CA preferred. Salary competitive,0
None,None,None,None,Yes,No,None,No,Yes,No,Average,1 year,Valid SSL,https://linkedin.example,Good,50,10L,1234567890,Some Address,No,Average,Company Domain,Active,Few,Naukri,High,No,Good,Video,Email,Yes,Has Questions,Active,Negative,Present,No,None,Yes,Frontend developer required - html css js,1
Yes,No,None,None,No,None,None,None,No,Yes,Average,1 year,Valid SSL,https://linkedin.example,Good,50,10L,1234567890,Some Address,Yes,Average,Gmail,Active,Few,Naukri,High,No,Poor,Video,Email,No,Has Questions,Active,None,None,Yes,No,No,Urgent requirement for developer. Apply now with resume,0
No,No,None,No,None,None,Yes,None,None,None,Excellent,1 year,Valid SSL,https://linkedin.example,Good,50,10L,1234567890,Some Address,Yes,Excellent,Company Domain,Active,Many,Indeed,Realistic,No,Average,Video,WhatsApp,No,Has Questions,Inactive,None,None,Yes,None,None,Hiring marketing executive with good comm skills and sales experience,0
None,None,Yes,Yes,None,No,None,Yes,No,No,Excellent,1 year,Valid SSL,https://linkedin.example,Good,50,10L,1234567890,Some Address,No,Excellent,Yahoo,Inactive,Many,Telegram,High,No,Poor,None,Call,No,Has Questions,Inactive,Negative,Present,No,Yes,Yes,Hiring marketing executive with good comm skills and sales experience,0
None,No,No,No,None,None,Yes,None,None,Yes,Good,1 year,Valid SSL,https://linkedin.example,Good,50,10L,1234567890,Some Address,No,Good,Outlook,Inactive,Many,LinkedIn,Low,Yes,Good,Video,WhatsApp,Yes,Has Questions,Active,Negative,Present,No,None,Yes,Urgent requirement for developer. Apply now with resume,0
Yes,None,No,None,None,None,None,Yes,No,None,Good,1 year,Valid SSL,https://linkedin.example,Good,50,10L,1234567890,Some Address,No,Good,Yahoo,Active,Many,Indeed,Realistic,No,Good,Video,WhatsApp,Yes,Has Questions,Inactive,Positive,None,No,Yes,None,Frontend developer required - html css js,1
Yes,Yes,None,Yes,No,Yes,None,None,Yes,None,Poor,1 year,Valid SSL,https://linkedin.example,Good,50,10L,1234567890,Some Address,No,Poor,Gmail,Inactive,Few,Telegram,High,No,Poor,None,Telegram,No,Has Questions,Inactive,None,None,No,Yes,Yes,Hiring marketing executive with good comm skills and sales experience,0
Yes,Yes,Yes,Yes,None,No,Yes,Yes,None,None,Excellent,1 year,Valid SSL,https://linkedin.example,Good,50,10L,1234567890,Some Address,Yes,Excellent,Company Domain,Active,Few,Indeed,High,No,Poor,In-Person,WhatsApp,No,Has Questions,Inactive,None,Present,Yes,None,No,Frontend developer required - html css js,0
None,Yes,No,Yes,None,Yes,No,No,No,None,Excellent,1 year,Valid SSL,https://linkedin.example,Good,50,10L,1234567890,Some Address,Yes,Excellent,Outlook,Active,None,LinkedIn,Low,Yes,Poor,Video,Telegram,No,Has Questions,Inactive,None,Present,Yes,No,Yes,Hiring marketing executive with good comm skills and sales experience,0
Yes,None,None,Yes,No,Yes,Yes,No,No,Yes,Excellent,1 year,Valid SSL,https://linkedin.example,Good,50,10L,1234567890,Some Address,Yes,Excellent,Yahoo,Active,None,Telegram,Realistic,No,Average,In-Person,WhatsApp,Yes,Has Questions,Inactive,None,None,Yes,Yes,None,Urgent requirement for developer. Apply now with resume,0
Yes,Yes,No,Yes,Yes,Yes,None,Yes,Yes,Yes,Good,1 year,Valid SSL,https://linkedin.example,Good,50,10L,1234567890,Some Address,Yes,Good,Outlook,Inactive,None,WhatsApp,Realistic,No,Poor,Video,WhatsApp,Yes,Has Questions,Inactive,None,Present,Yes,Yes,Yes,Hiring marketing executive with good comm skills and sales experience,0
None,None,None,Yes,Yes,Yes,No,None,None,None,Average,1 year,Valid SSL,https://linkedin.example,Good,50,10L,1234567890,Some Address,Yes,Average,Outlook,Active,Many,Naukri,High,No,Good,Video,WhatsApp,Yes,Has Questions,Active,Negative,None,Yes,No,Yes,Frontend developer required - html css js,0
No,Yes,Yes,Yes,No,No,Yes,None,Yes,Yes,Excellent,1 year,Valid SSL,https://linkedin.example,Good,50,10L,1234567890,Some Address,Yes,Excellent,Outlook,Inactive,Few,Naukri,High,No,Good,Video,Telegram,No,Has Questions,Active,Positive,Present,Yes,None,Yes,Hiring marketing executive with good comm skills and sales experience,0
Yes,Yes,Yes,None,Yes,No,No,Yes,No,No,Excellent,1 year,Valid SSL,https://linkedin.example,Good,50,10L,1234567890,Some Address,Yes,Excellent,Outlook,Inactive,Many,WhatsApp,Low,Yes,Average,Phone,Call,No,Has Questions,Active,None,None,Yes,No,None,Urgent requirement for developer. Apply now with resume,1
No,No,Yes,Yes,No,None,Yes,Yes,Yes,None,Average,1 year,Valid SSL,https://linkedin.example,Good,50,10L,1234567890,Some Address,Yes,Average,Company Domain,Active,Many,Indeed,High,Yes,Good,Phone,Telegram,No,Has Questions,Inactive,Negative,None,Yes,None,Yes,Urgent requirement for developer. Apply now with resume,1
Yes,None,None,No,No,None,No,No,Yes,None,Average,1 year,Valid SSL,https://linkedin.example,Good,50,10L,1234567890,Some Address,No,Average,Company Domain,Inactive,Few,Indeed,Low,Yes,Average,Video,Email,Yes,Has Questions,Inactive,Negative,Present,No,None,None,Frontend developer required - html css js,0
None,Yes,Yes,None,Yes,None,None,None,None,No,Good,1 year,Valid SSL,https://linkedin.example,Good,50,10L,1234567890,Some Address,Yes,Good,Gmail,Active,Few,Indeed,Low,No,Poor,Video,Call,No,Has Questions,Inactive,Positive,Present,Yes,Yes,No,Job opening in finance. CA preferred. Salary competitive,0
None,Yes,None,No,None,Yes,Yes,None,No,Yes,Average,1 year,Valid SSL,https://linkedin.example,Good,50,10L,1234567890,Some Address,Yes,Average,Company Domain,Active,Few,Telegram,High,Yes,Poor,Video,Call,No,Has Questions,Inactive,None,Present,Yes,None,Yes,Hiring marketing executive with good comm skills and sales experience,0
None,Yes,Yes,No,No,None,None,No,Yes,None,Excellent,1 year,Valid SSL,https://linkedin.example,Good,50,10L,1234567890,Some Address,Yes,Excellent,Gmail,Active,Many,WhatsApp,High,Yes,Good,In-Person,Call,Yes,Has Questions,Inactive,None,None,Yes,No,None,Urgent requirement for developer. Apply now with resume,0
No,Yes,No,No,None,None,No,Yes,No,No,Excellent,1 year,Valid SSL,https://linkedin.example,Good,50,10L,1234567890,Some Address,No,Excellent,Gmail,Inactive,Few,Indeed,High,Yes,Average,None,Email,No,Has Questions,Active,Positive,Present,No,None,None,Urgent requirement for developer. Apply now with resume,1
None,No,None,None,None,Yes,No,None,No,None,Excellent,1 year,Valid SSL,https://linkedin.example,Good,50,10L,1234567890,Some Address,No,Excellent,Yahoo,Active,None,Telegram,Low,No,Poor,None,Email,No,Has Questions,Inactive,Positive,None,No,None,None,Hiring marketing executive with good comm skills and sales experience,0
None,None,Yes,Yes,No,None,None,None,None,None,Average,1 year,Valid SSL,https://linkedin.example,Good,50,10L,1234567890,Some Address,Yes,Average,Gmail,Inactive,None,Naukri,Low,Yes,Average,Video,Call,No,Has Questions,Inactive,None,None,Yes,Yes,Yes,Looking for software engineer with 2+ years experience in python and django,0
Yes,None,No,Yes,None,No,No,Yes,No,No,Average,1 year,Valid SSL,https://linkedin.example,Good,50,10L,1234567890,Some Address,No,Average,Gmail,Inactive,None,WhatsApp,High,No,Average,None,Call,No,Has Questions,Active,None,None,No,Yes,Yes,Urgent requirement for developer. Apply now with resume,0
No,Yes,None,Yes,Yes,No,No,Yes,No,Yes,Good,1 year,Valid SSL,https://linkedin.example,Good,50,10L,1234567890,Some Address,No,Good,Yahoo,Inactive,None,LinkedIn,Realistic,Yes,Average,Phone,Telegram,No,Has Questions,Inactive,None,None,No,Yes,Yes,Hiring marketing executive with good comm skills and sales experience,0
Yes,Yes,Yes,No,No,No,No,Yes,None,None,Poor,1 year,Valid SSL,https://linkedin.example,Good,50,10L,1234567890,Some Address,Yes,Poor,Gmail,Active,None,WhatsApp,High,No,Poor,None,Telegram,No,Has Questions,Inactive,None,None,Yes,None,Yes,Frontend developer required - html css js,0
No,No,None,None,None,No,None,None,Yes,Yes,Good,1 year,Valid SSL,https://linkedin.example,Good,50,10L,1234567890,Some Address,Yes,Good,Yahoo,Inactive,None,Indeed,Realistic,No,Good,Phone,WhatsApp,No,Has Questions,Active,Positive,None,Yes,None,No,Job opening in finance. CA preferred. Salary competitive,0
No,No,None,Yes,None,No,None,None,Yes,No,Poor,1 year,Valid SSL,https://linkedin.example,Good,50,10L,1234567890,Some Address,Yes,Poor,Yahoo,Inactive,Few,WhatsApp,High,Yes,Good,Phone,Telegram,No,Has Questions,Active,None,Present,Yes,Yes,Yes,Urgent requirement for developer. Apply now with resume,0
None,Yes,Yes,None,No,No,Yes,No,None,No,Poor,1 year,Valid SSL,https://linkedin.example,Good,50,10L,1234567890,Some Address,Yes,Poor,Gmail,Active,Many,WhatsApp,Low,Yes,Good,Phone,Call,No,Has Questions,Active,None,None,Yes,Yes,None,Looking for software engineer with 2+ years experience in python and django,1
No,None,No,Yes,Yes,Yes,No,No,None,None,Poor,1 year,Valid SSL,https://linkedin.example,Good,50,10L,1234567890,Some Address,Yes,Poor,Yahoo,Active,None,Naukri,Realistic,Yes,Good,In-Person,Call,Yes,Has Questions,Inactive,Negative,None,Yes,No,No,Hiring marketing executive with good comm skills and sales experience,1
None,Yes,None,Yes,None,Yes,No,None,No,None,Excellent,1 year,Valid SSL,https://linkedin.example,Good,50,10L,1234567890,Some Address,Yes,Excellent,Yahoo,Inactive,None,LinkedIn,High,Yes,Poor,None,Telegram,No,Has Questions,Inactive,Negative,None,Yes,No,No,Hiring marketing executive with good comm skills and sales experience,0
None,No,Yes,No,No,Yes,Yes,None,No,None,Excellent,1 year,Valid SSL,https://linkedin.example,Good,50,10L,1234567890,Some Address,No,Excellent,Gmail,Active,None,LinkedIn,Low,No,Average,Phone,WhatsApp,No,Has Questions,Active,Negative,None,No,No,No,Urgent requirement for developer. Apply now with resume,0
Yes,No,None,No,No,Yes,None,No,Yes,No,Poor,1 year,Valid SSL,https://linkedin.example,Good,50,10L,1234567890,Some Address,No,Poor,Yahoo,Active,Many,Naukri,High,Yes,Good,None,WhatsApp,Yes,Has Questions,Active,None,None,No,Yes,No,Frontend developer required - html css js,1
No,Yes,No,Yes,No,No,None,None,Yes,Yes,Excellent,1 year,Valid SSL,https://linkedin.example,Good,50,10L,1234567890,Some Address,No,Excellent,Gmail,Active,None,Indeed,Realistic,Yes,Good,In-Person,Email,No,Has Questions,Inactive,Negative,Present,No,Yes,No,Frontend developer required - html css js,1
None,None,None,No,No,No,None,No,No,No,Poor,1 year,Valid SSL,https://linkedin.example,Good,50,10L,1234567890,Some Address,Yes,Poor,Yahoo,Active,Few,WhatsApp,Low,No,Average,Video,WhatsApp,Yes,Has Questions,Inactive,Negative,None,Yes,No,Yes,Looking for software engineer with 2+ years experience in python and django,0
Yes,None,No,Yes,Yes,No,Yes,Yes,Yes,Yes,Good,1 year,Valid SSL,https://linkedin.example,Good,50,10L,1234567890,Some Address,No,Good,Company Domain,Active,Few,Indeed,Realistic,No,Good,Video,Call,Yes,Has Questions,Active,None,Present,No,No,Yes,Urgent requirement for developer. Apply now with resume,1
None,None,Yes,No,Yes,None,Yes,Yes,No,Yes,Good,1 year,Valid SSL,https://linkedin.example,Good,50,10L,1234567890,Some Address,No,Good,Company Domain,Active,Few,WhatsApp,High,No,Good,None,Call,No,Has Questions,Active,Negative,None,No,Yes,No,Looking for software engineer with 2+ years experience in python and django,1
None,None,Yes,Yes,Yes,None,No,No,None,Yes,Good,1 year,Valid SSL,https://linkedin.example,Good,50,10L,1234567890,Some Address,No,Good,Outlook,Inactive,Few,WhatsApp,Realistic,Yes,Average,Video,Telegram,No,Has Questions,Inactive,None,Present,No,Yes,No,Hiring marketing executive with good comm skills and sales experience,1
Yes,No,None,None,No,Yes,Yes,None,None,None,Poor,1 year,Valid SSL,https://linkedin.example,Good,50,10L,1234567890,Some Address,No,Poor,Company Domain,Inactive,None,Indeed,Low,No,Average,Phone,Telegram,Yes,Has Questions,Inactive,Positive,None,No,None,No,Hiring marketing executive with good comm skills and sales experience,1
Yes,No,No,Yes,None,Yes,None,No,Yes,None,Good,1 year,Valid SSL,https://linkedin.example,Good,50,10L,1234567890,Some Address,No,Good,Yahoo,Active,Few,Indeed,High,Yes,Poor,Video,Call,Yes,Has Questions,Inactive,Negative,Present,No,Yes,Yes,Looking for software engineer with 2+ years experience in python and django,0
None,Yes,No,Yes,No,None,No,No,No,Yes,Excellent,1 year,Valid SSL,https://linkedin.example,Good,50,10L,1234567890,Some Address,No,Excellent,Outlook,Inactive,Many,LinkedIn,High,No,Average,In-Person,WhatsApp,No,Has Questions,Inactive,Negative,None,No,None,Yes,Looking for software engineer with 2+ years experience in python and django,0
No,Yes,Yes,No,No,Yes,None,None,Yes,None,Poor,1 year,Valid SSL,https://linkedin.example,Good,50,10L,1234567890,Some Address,Yes,Poor,Company Domain,Active,None,Naukri,Low,No,Good,Video,WhatsApp,No,Has Questions,Active,None,Present,Yes,Yes,No,Urgent requirement for developer. Apply now with resume,0
No,Yes,Yes,None,Yes,Yes,None,None,None,No,Average,1 year,Valid SSL,https://linkedin.example,Good,50,10L,1234567890,Some Address,Yes,Average,Company Domain,Active,None,WhatsApp,Realistic,No,Good,None,WhatsApp,Yes,Has Questions,Active,None,Present,Yes,Yes,No,Frontend developer required - html css js,0
None,None,None,No,Yes,No,No,Yes,Yes,No,Good,1 year,Valid SSL,https://linkedin.example,Good,50,10L,1234567890,Some Address,No,Good,Yahoo,Inactive,Many,Naukri,Low,No,Poor,Phone,Email,No,Has Questions,Inactive,None,Present,No,None,Yes,Looking for software engineer with 2+ years experience in python and django,0
No,Yes,None,Yes,No,No,No,No,No,No,Average,1 year,Valid SSL,https://linkedin.example,Good,50,10L,1234567890,Some Address,Yes,Average,Outlook,Active,None,Indeed,High,Yes,Poor,In-Person,Email,No,Has Questions,Inactive,Positive,Present,Yes,No,None,Hiring marketing executive with good comm skills and sales experience,0
None,No,None,None,No,None,None,No,Yes,No,Average,1 year,Valid SSL,https://linkedin.example,Good,50,10L,1234567890,Some Address,Yes,Average,Company Domain,Inactive,Many,LinkedIn,Realistic,Yes,Poor,None,Call,Yes,Has Questions,Inactive,None,Present,Yes,No,None,Looking for software engineer with 2+ years experience in python and django,0
None,None,No,Yes,None,Yes,No,Yes,Yes,None,Good,1 year,Valid SSL,https://linkedin.example,Good,50,10L,1234567890,Some Address,No,Good,Gmail,Active,Many,Naukri,High,No,Poor,Video,WhatsApp,No,Has Questions,Inactive,None,Present,No,None,Yes,Looking for software engineer with 2+ years experience in python and django,1
None,Yes,None,No,No,No,No,None,No,No,Average,1 year,Valid SSL,https://linkedin.example,Good,50,10L,1234567890,Some Address,Yes,Average,Company Domain,Active,Few,WhatsApp,Realistic,No,Average,Video,Telegram,Yes,Has Questions,Active,Negative,None,Yes,None,None,Job opening in finance. CA preferred. Salary competitive,0
No,No,None,None,None,Yes,None,None,None,No,Average,1 year,Valid SSL,https://linkedin.example,Good,50,10L,1234567890,Some Address,No,Average,Company Domain,Inactive,Many,LinkedIn,Realistic,No,Average,Phone,Email,Yes,Has Questions,Inactive,Positive,Present,No,None,No,Looking for software engineer with 2+ years experience in python and django,1
None,Yes,No,Yes,None,No,None,Yes,None,No,Good,1 year,Valid SSL,https://linkedin.example,Good,50,10L,1234567890,Some Address,No,Good,Company Domain,Active,None,Indeed,High,Yes,Average,None,Call,No,Has Questions,Inactive,Positive,Present,No,Yes,None,Looking for software engineer with 2+ years experience in python and django,0
Yes,No,Yes,Yes,No,No,None,None,None,Yes,Poor,1 year,Valid SSL,https://linkedin.example,Good,50,10L,1234567890,Some Address,No,Poor,Company Domain,Active,None,Naukri,Realistic,No,Average,None,Telegram,No,Has Questions,Active,None,Present,No,Yes,None,Hiring marketing executive with good comm skills and sales experience,1
None,Yes,No,Yes,None,No,No,Yes,Yes,No,Good,1 year,Valid SSL,https://linkedin.example,Good,50,10L,1234567890,Some Address,Yes,Good,Gmail,Active,Many,Indeed,Realistic,Yes,Good,None,WhatsApp,No,Has Questions,Active,None,Present,Yes,None,Yes,Looking for software engineer with 2+ years experience in python and django,0
No,Yes,Yes,Yes,None,No,None,None,Yes,No,Excellent,1 year,Valid SSL,https://linkedin.example,Good,50,10L,1234567890,Some Address,Yes,Excellent,Gmail,Inactive,Few,Indeed,High,Yes,Average,Video,Call,Yes,Has Questions,Inactive,None,None,Yes,Yes,No,Looking for software engineer with 2+ years experience in python and django,1
No,Yes,Yes,No,None,No,None,Yes,Yes,Yes,Good,1 year,Valid SSL,https://linkedin.example,Good,50,10L,1234567890,Some Address,Yes,Good,Outlook,Inactive,Many,Naukri,Realistic,No,Good,Phone,Call,Yes,Has Questions,Active,Positive,Present,Yes,Yes,Yes,Frontend developer required - html css js,0
Yes,Yes,No,Yes,No,Yes,No,None,None,No,Excellent,1 year,Valid SSL,https://linkedin.example,Good,50,10L,1234567890,Some Address,Yes,Excellent,Outlook,Active,Few,Telegram,High,No,Poor,In-Person,Email,No,Has Questions,Active,None,Present,Yes,Yes,No,Urgent requirement for developer. Apply now with resume,1
None,No,None,Yes,None,None,Yes,No,No,No,Good,1 year,Valid SSL,https://linkedin.example,Good,50,10L,1234567890,Some Address,Yes,Good,Gmail,Inactive,None,LinkedIn,High,No,Average,In-Person,Telegram,Yes,Has Questions,Active,None,Present,Yes,Yes,None,Frontend developer required - html css js,1
None,Yes,No,None,No,Yes,None,None,None,None,Poor,1 year,Valid SSL,https://linkedin.example,Good,50,10L,1234567890,Some Address,No,Poor,Yahoo,Active,Few,Naukri,Low,Yes,Poor,In-Person,WhatsApp,No,Has Questions,Active,Positive,None,No,None,No,Frontend developer required - html css js,0
No,None,Yes,Yes,No,No,Yes,No,Yes,Yes,Excellent,1 year,Valid SSL,https://linkedin.example,Good,50,10L,1234567890,Some Address,No,Excellent,Company Domain,Inactive,Many,WhatsApp,Realistic,No,Average,In-Person,Telegram,Yes,Has Questions,Active,None,Present,No,No,None,Hiring marketing executive with good comm skills and sales experience,1
No,No,None,None,No,None,None,Yes,No,Yes,Excellent,1 year,Valid SSL,https://linkedin.example,Good,50,10L,1234567890,Some Address,No,Excellent,Yahoo,Active,Many,WhatsApp,High,No,Poor,None,Email,Yes,Has Questions,Active,None,None,No,None,Yes,Urgent requirement for developer. Apply now with resume,0
No,No,Yes,No,Yes,None,No,No,None,Yes,Average,1 year,Valid SSL,https://linkedin.example,Good,50,10L,1234567890,Some Address,Yes,Average,Outlook,Active,Many,WhatsApp,Realistic,No,Average,None,Email,Yes,Has Questions,Inactive,Negative,None,Yes,No,Yes,Job opening in finance. CA preferred. Salary competitive,0
None,Yes,Yes,Yes,None,No,Yes,None,No,No,Good,1 year,Valid SSL,https://linkedin.example,Good,50,10L,1234567890,Some Address,Yes,Good,Outlook,Active,Few,WhatsApp,Low,Yes,Average,Phone,WhatsApp,No,Has Questions,Inactive,None,None,Yes,Yes,No,Urgent requirement for developer. Apply now with resume,0
None,Yes,Yes,None,No,No,None,None,No,Yes,Poor,1 year,Valid SSL,https://linkedin.example,Good,50,10L,1234567890,Some Address,Yes,Poor,Gmail,Inactive,Few,WhatsApp,High,Yes,Poor,In-Person,Email,No,Has Questions,Inactive,Negative,None,Yes,No,None,Urgent requirement for developer. Apply now with resume,0
No,Yes,Yes,No,None,Yes,No,None,None,Yes,Poor,1 year,Valid SSL,https://linkedin.example,Good,50,10L,1234567890,Some Address,No,Poor,Company Domain,Inactive,Many,Indeed,Realistic,No,Good,Video,Call,Yes,Has Questions,Active,None,None,No,None,No,Hiring marketing executive with good comm skills and sales experience,1
Yes,No,Yes,No,No,None,No,Yes,Yes,None,Good,1 year,Valid SSL,https://linkedin.example,Good,50,10L,1234567890,Some Address,No,Good,Outlook,Active,Many,WhatsApp,Realistic,Yes,Good,Video,WhatsApp,No,Has Questions,Inactive,None,None,No,No,Yes,Looking for software engineer with 2+ years experience in python and django,0
No,None,None,None,Yes,No,None,No,No,Yes,Good,1 year,Valid SSL,https://linkedin.example,Good,50,10L,1234567890,Some Address,Yes,Good,Gmail,Inactive,None,WhatsApp,Low,Yes,Poor,Phone,WhatsApp,Yes,Has Questions,Inactive,Negative,None,Yes,None,No,Job opening in finance. CA preferred. Salary competitive,1
None,None,None,Yes,No,Yes,No,None,None,None,Average,1 year,Valid SSL,https://linkedin.example,Good,50,10L,1234567890,Some Address,Yes,Average,Yahoo,Inactive,Few,Indeed,Realistic,No,Poor,In-Person,WhatsApp,No,Has Questions,Active,Positive,None,Yes,No,None,Frontend developer required - html css js,1
None,Yes,Yes,None,None,Yes,None,Yes,No,Yes,Good,1 year,Valid SSL,https://linkedin.example,Good,50,10L,1234567890,Some Address,Yes,Good,Yahoo,Inactive,Many,Indeed,Realistic,Yes,Good,None,WhatsApp,Yes,Has Questions,Inactive,Positive,Present,Yes,No,None,Looking for software engineer with 2+ years experience in python and django,1
No,Yes,None,Yes,No,No,No,No,No,No,Average,1 year,Valid SSL,https://linkedin.example,Good,50,10L,1234567890,Some Address,Yes,Average,Outlook,Inactive,Few,Indeed,Low,No,Poor,None,Email,Yes,Has Questions,Inactive,Negative,Present,Yes,Yes,None,Looking for software engineer with 2+ years experience in python and django,0
No,Yes,Yes,Yes,No,None,Yes,Yes,None,No,Good,1 year,Valid SSL,https://linkedin.example,Good,50,10L,1234567890,Some Address,No,Good,Company Domain,Active,None,Telegram,Low,Yes,Good,Video,WhatsApp,No,Has Questions,Active,None,Present,No,No,No,Hiring marketing executive with good comm skills and sales experience,0
No,No,None,Yes,None,None,No,None,None,No,Good,1 year,Valid SSL,https://linkedin.example,Good,50,10L,1234567890,Some Address,No,Good,Company Domain,Active,Many,Indeed,High,No,Average,None,Telegram,Yes,Has Questions,Active,Negative,None,No,No,None,Looking for software engineer with 2+ years experience in python and django,0
Yes,Yes,None,None,Yes,No,Yes,None,None,No,Good,1 year,Valid SSL,https://linkedin.example,Good,50,10L,1234567890,Some Address,Yes,Good,Yahoo,Inactive,Few,Telegram,Low,No,Good,Phone,Email,No,Has Questions,Inactive,Positive,Present,Yes,None,No,Job opening in finance. CA preferred. Salary competitive,0
No,None,None,None,Yes,No,No,None,No,Yes,Poor,1 year,Valid SSL,https://linkedin.example,Good,50,10L,1234567890,Some Address,No,Poor,Yahoo,Active,Few,LinkedIn,Realistic,Yes,Good,Video,WhatsApp,Yes,Has Questions,Inactive,None,None,No,No,None,Urgent requirement for developer. Apply now with resume,0
None,No,Yes,No,None,None,No,No,Yes,None,Average,1 year,Valid SSL,https://linkedin.example,Good,50,10L,1234567890,Some Address,Yes,Average,Company Domain,Inactive,Few,Indeed,Low,No,Average,In-Person,Telegram,Yes,Has Questions,Active,None,Present,Yes,Yes,No,Looking for software engineer with 2+ years experience in python and django,0
No,No,No,None,None,None,None,Yes,None,No,Poor,1 year,Valid SSL,https://linkedin.example,Good,50,10L,1234567890,Some Address,Yes,Poor,Company Domain,Active,Few,Indeed,Realistic,Yes,Good,None,Call,No,Has Questions,Active,None,Present,Yes,Yes,None,Looking for software engineer with 2+ years experience in python and django,1
None,No,Yes,None,Yes,No,No,None,Yes,Yes,Excellent,1 year,Valid SSL,https://linkedin.example,Good,50,10L,1234567890,Some Address,No,Excellent,Outlook,Active,Many,WhatsApp,Low,Yes,Poor,Phone,WhatsApp,No,Has Questions,Inactive,Negative,Present,No,Yes,None,Looking for software engineer with 2+ years experience in python and django,1
Yes,Yes,Yes,None,None,Yes,No,No,No,No,Poor,1 year,Valid SSL,https://linkedin.example,Good,50,10L,1234567890,Some Address,Yes,Poor,Company Domain,Active,Many,Indeed,High,Yes,Poor,In-Person,Call,Yes,Has Questions,Active,Negative,None,Yes,No,None,Frontend developer required - html css js,1
Yes,None,No,None,Yes,None,None,Yes,None,Yes,Poor,1 year,Valid SSL,https://linkedin.example,Good,50,10L,1234567890,Some Address,No,Poor,Company Domain,Inactive,Few,Naukri,High,No,Poor,None,Telegram,Yes,Has Questions,Active,None,None,No,Yes,No,Frontend developer required - html css js,0
No,No,None,No,No,No,No,No,Yes,Yes,Average,1 year,Valid SSL,https://linkedin.example,Good,50,10L,1234567890,Some Address,Yes,Average,Gmail,Inactive,Many,Naukri,Low,Yes,Poor,In-Person,WhatsApp,No,Has Questions,Active,Positive,Present,Yes,Yes,No,Looking for software engineer with 2+ years experience in python and django,0
No,Yes,No,No,None,None,No,None,Yes,No,Average,1 year,Valid SSL,https://linkedin.example,Good,50,10L,1234567890,Some Address,Yes,Average,Company Domain,Active,None,Naukri,Low,Yes,Good,In-Person,Email,Yes,Has Questions,Inactive,Positive,Present,Yes,None,No,Hiring marketing executive with good comm skills and sales experience,0
None,No,None,Yes,No,Yes,Yes,Yes,Yes,No,Excellent,1 year,Valid SSL,https://linkedin.example,Good,50,10L,1234567890,Some Address,No,Excellent,Company Domain,Inactive,None,Telegram,High,No,Poor,Video,Call,No,Has Questions,Active,None,None,No,No,No,Hiring marketing executive with good comm skills and sales experience,0
No,No,Yes,Yes,None,No,Yes,None,Yes,Yes,Good,1 year,Valid SSL,https://linkedin.example,Good,50,10L,1234567890,Some Address,Yes,Good,Gmail,Inactive,Many,Telegram,Low,No,Poor,Video,WhatsApp,No,Has Questions,Inactive,Positive,None,Yes,No,Yes,Looking for software engineer with 2+ years experience in python and django,0
Yes,None,No,Yes,None,None,Yes,None,None,Yes,Good,1 year,Valid SSL,https://linkedin.example,Good,50,10L,1234567890,Some Address,Yes,Good,Outlook,Inactive,None,Telegram,High,Yes,Average,Phone,WhatsApp,No,Has Questions,Inactive,Negative,Present,Yes,Yes,No,Frontend developer required - html css js,1
No,Yes,Yes,No,Yes,None,No,None,No,Yes,Good,1 year,Valid SSL,https://linkedin.example,Good,50,10L,1234567890,Some Address,No,Good,Company Domain,Inactive,Many,LinkedIn,High,Yes,Average,Video,Email,No,Has Questions,Active,Negative,None,No,None,Yes,Hiring marketing executive with good comm skills and sales experience,0
Yes,None,None,None,No,No,No,None,Yes,Yes,Average,1 year,Valid SSL,https://linkedin.example,Good,50,10L,1234567890,Some Address,No,Average,Gmail,Inactive,Many,Indeed,High,No,Good,None,WhatsApp,No,Has Questions,Inactive,None,None,No,None,Yes,Urgent requirement for developer. Apply now with resume,0
No,None,None,Yes,Yes,None,Yes,Yes,Yes,Yes,Good,1 year,Valid SSL,https://linkedin.example,Good,50,10L,1234567890,Some Address,Yes,Good,Company Domain,Active,None,Indeed,High,Yes,Average,Video,Telegram,No,Has Questions,Inactive,Positive,Present,Yes,No,Yes,Frontend developer required - html css js,0
No,Yes,No,Yes,Yes,Yes,None,No,None,None,Average,1 year,Valid SSL,https://linkedin.example,Good,50,10L,1234567890,Some Address,No,Average,Company Domain,Active,Many,Telegram,High,No,Good,Video,Email,No,Has Questions,Inactive,Negative,Present,No,No,None,Urgent requirement for developer. Apply now with resume,0
None,Yes,No,None,No,No,None,No,No,Yes,Average,1 year,Valid SSL,https://linkedin.example,Good,50,10L,1234567890,Some Address,No,Average,Gmail,Inactive,None,WhatsApp,Realistic,No,Good,Video,Telegram,No,Has Questions,Inactive,Negative,None,No,Yes,No,Looking for software engineer with 2+ years experience in python and django,0
None,None,No,Yes,No,No,Yes,Yes,No,No,Average,1 year,Valid SSL,https://linkedin.example,Good,50,10L,1234567890,Some Address,Yes,Average,Gmail,Inactive,Many,WhatsApp,Realistic,No,Poor,Phone,Email,No,Has Questions,Inactive,None,None,Yes,Yes,No,Job opening in finance. CA preferred. Salary competitive,0
Yes,None,None,None,No,No,None,No,No,Yes,Poor,1 year,Valid SSL,https://linkedin.example,Good,50,10L,1234567890,Some Address,Yes,Poor,Company Domain,Inactive,Many,Telegram,High,Yes,Poor,None,WhatsApp,Yes,Has Questions,Active,None,Present,Yes,No,No,Job opening in finance. CA preferred. Salary competitive,1
Yes,Yes,No,Yes,No,None,No,No,No,No,Average,1 year,Valid SSL,https://linkedin.example,Good,50,10L,1234567890,Some Address,No,Average,Yahoo,Active,Few,Indeed,Low,No,Poor,Phone,Telegram,Yes,Has Questions,Inactive,None,Present,No,None,Yes,Looking for software engineer with 2+ years experience in python and django,0
None,None,No,No,None,No,Yes,No,Yes,None,Poor,1 year,Valid SSL,https://linkedin.example,Good,50,10L,1234567890,Some Address,No,Poor,Outlook,Active,Few,LinkedIn,High,Yes,Good,In-Person,Telegram,No,Has Questions,Inactive,None,Present,No,No,No,Frontend developer required - html css js,1
Yes,No,Yes,None,No,No,Yes,Yes,Yes,No,Poor,1 year,Valid SSL,https://linkedin.example,Good,50,10L,1234567890,Some Address,Yes,Poor,Gmail,Inactive,None,Indeed,Realistic,No,Good,Phone,WhatsApp,No,Has Questions,Active,Negative,Present,Yes,No,None,Frontend developer required - html css js,1
No,No,No,None,No,Yes,None,Yes,None,Yes,Average,1 year,Valid SSL,https://linkedin.example,Good,50,10L,1234567890,Some Address,No,Average,Gmail,Active,Few,Indeed,Low,Yes,Poor,In-Person,WhatsApp,No,Has Questions,Inactive,None,Present,No,No,No,Urgent requirement for developer. Apply now with resume,1
Yes,Yes,Yes,Yes,Yes,No,None,None,Yes,None,Poor,1 year,Valid SSL,https://linkedin.example,Good,50,10L,1234567890,Some Address,No,Poor,Yahoo,Inactive,Many,WhatsApp,Low,No,Good,Phone,Call,Yes,Has Questions,Inactive,None,None,No,No,No,Urgent requirement for developer. Apply now with resume,1
None,None,No,No,Yes,Yes,None,Yes,No,Yes,Average,1 year,Valid SSL,https://linkedin.example,Good,50,10L,1234567890,Some Address,No,Average,Outlook,Active,Many,WhatsApp,Realistic,Yes,Good,Video,WhatsApp,Yes,Has Questions,Active,Negative,Present,No,No,No,Hiring marketing executive with good comm skills and sales experience,0
No,No,Yes,None,No,Yes,No,None,No,None,Good,1 year,Valid SSL,https://linkedin.example,Good,50,10L,1234567890,Some Address,Yes,Good,Company Domain,Inactive,None,Naukri,High,Yes,Good,None,WhatsApp,Yes,Has Questions,Inactive,Positive,None,Yes,No,Yes,Hiring marketing executive with good comm skills and sales experience,0
No,None,Yes,None,No,No,No,None,Yes,Yes,Excellent,1 year,Valid SSL,https://linkedin.example,Good,50,10L,1234567890,Some Address,Yes,Excellent,Company Domain,Active,Few,Naukri,High,No,Poor,None,Email,Yes,Has Questions,Inactive,Negative,None,Yes,Yes,No,Urgent requirement for developer. Apply now with resume,1
Yes,No,Yes,None,Yes,None,No,None,None,None,Poor,1 year,Valid SSL,https://linkedin.example,Good,50,10L,1234567890,Some Address,Yes,Poor,Outlook,Active,None,Indeed,Realistic,No,Poor,Video,Telegram,No,Has Questions,Inactive,None,None,Yes,Yes,None,Frontend developer required - html css js,0
No,Yes,None,No,No,None,No,No,No,None,Poor,1 year,Valid SSL,https://linkedin.example,Good,50,10L,1234567890,Some Address,No,Poor,Outlook,Inactive,None,LinkedIn,High,Yes,Average,Video,Call,Yes,Has Questions,Active,Negative,Present,No,None,No,Looking for software engineer with 2+ years experience in python and django,0
No,Yes,No,No,None,No,None,Yes,No,None,Good,1 year,Valid SSL,https://linkedin.example,Good,50,10L,1234567890,Some Address,No,Good,Yahoo,Active,Many,Naukri,Realistic,Yes,Good,Video,Telegram,Yes,Has Questions,Inactive,None,Present,No,None,None,Urgent requirement for developer. Apply now with resume,1
Yes,None,None,Yes,Yes,No,None,Yes,No,None,Average,1 year,Valid SSL,https://linkedin.example,Good,50,10L,1234567890,Some Address,No,Average,Yahoo,Inactive,None,LinkedIn,High,No,Poor,Video,WhatsApp,No,Has Questions,Active,None,Present,No,Yes,None,Frontend developer required - html css js,0
None,Yes,No,No,No,No,Yes,No,Yes,No,Poor,1 year,Valid SSL,https://linkedin.example,Good,50,10L,1234567890,Some Address,Yes,Poor,Yahoo,Inactive,None,Indeed,High,Yes,Poor,Video,Call,No,Has Questions,Inactive,Positive,Present,Yes,Yes,No,Frontend developer required - html css js,0
None,None,No,No,Yes,No,No,None,None,No,Good,1 year,Valid SSL,https://linkedin.example,Good,50,10L,1234567890,Some Address,No,Good,Outlook,Active,Many,Telegram,Realistic,No,Good,Phone,Call,No,Has Questions,Inactive,None,None,No,Yes,None,Urgent requirement for developer. Apply now with resume,0
None,No,No,None,None,None,No,Yes,None,No,Poor,1 year,Valid SSL,https://linkedin.example,Good,50,10L,1234567890,Some Address,Yes,Poor,Company Domain,Inactive,None,LinkedIn,Realistic,No,Good,Video,WhatsApp,Yes,Has Questions,Inactive,Negative,Present,Yes,Yes,No,Hiring marketing executive with good comm skills and sales experience,0
No,No,No,None,No,None,Yes,No,No,No,Average,1 year,Valid SSL,https://linkedin.example,Good,50,10L,1234567890,Some Address,Yes,Average,Gmail,Inactive,None,Indeed,Realistic,Yes,Average,In-Person,Call,No,Has Questions,Active,Negative,Present,Yes,Yes,Yes,Frontend developer required - html css js,1
None,Yes,None,No,None,No,None,Yes,None,Yes,Poor,1 year,Valid SSL,https://linkedin.example,Good,50,10L,1234567890,Some Address,Yes,Poor,Yahoo,Active,Many,Naukri,Realistic,No,Good,Phone,Call,No,Has Questions,Active,Negative,Present,Yes,None,No,Frontend developer required - html css js,1
No,Yes,No,None,Yes,No,None,No,No,None,Average,1 year,Valid SSL,https://linkedin.example,Good,50,10L,1234567890,Some Address,No,Average,Yahoo,Inactive,None,Telegram,Realistic,No,Good,Video,Telegram,No,Has Questions,Inactive,None,None,No,No,Yes,Job opening in finance. CA preferred. Salary competitive,1
No,No,Yes,None,None,Yes,None,No,No,No,Average,1 year,Valid SSL,https://linkedin.example,Good,50,10L,1234567890,Some Address,No,Average,Yahoo,Inactive,None,Telegram,Realistic,Yes,Good,Video,Email,No,Has Questions,Inactive,Negative,None,No,None,None,Job opening in finance. CA preferred. Salary competitive,1
No,Yes,None,None,No,No,Yes,None,None,No,Poor,1 year,Valid SSL,https://linkedin.example,Good,50,10L,1234567890,Some Address,No,Poor,Yahoo,Active,None,LinkedIn,Low,No,Good,In-Person,WhatsApp,No,Has Questions,Active,None,None,No,Yes,Yes,Frontend developer required - html css js,0
Yes,Yes,None,None,Yes,None,No,Yes,No,Yes,Excellent,1 year,Valid SSL,https://linkedin.example,Good,50,10L,1234567890,Some Address,Yes,Excellent,Gmail,Inactive,Few,Naukri,High,Yes,Good,Video,Call,Yes,Has Questions,Inactive,Positive,None,Yes,None,No,Hiring marketing executive with good comm skills and sales experience,0
Yes,No,Yes,No,None,No,No,None,No,Yes,Average,1 year,Valid SSL,https://linkedin.example,Good,50,10L,1234567890,Some Address,Yes,Average,Outlook,Inactive,Many,WhatsApp,High,No,Average,In-Person,WhatsApp,Yes,Has Questions,Inactive,Positive,None,Yes,Yes,Yes,Job opening in finance. CA preferred. Salary competitive,0
None,Yes,None,None,None,Yes,None,Yes,No,None,Average,1 year,Valid SSL,https://linkedin.example,Good,50,10L,1234567890,Some Address,No,Average,Company Domain,Active,Many,Naukri,Low,Yes,Average,Phone,Call,Yes,Has Questions,Inactive,None,Present,No,Yes,Yes,Urgent requirement for developer. Apply now with resume,0
Yes,None,No,No,No,No,None,None,No,Yes,Good,1 year,Valid SSL,https://linkedin.example,Good,50,10L,1234567890,Some Address,Yes,Good,Company Domain,Active,None,Naukri,High,No,Average,Phone,Call,No,Has Questions,Inactive,Negative,Present,Yes,No,No,Job opening in finance. CA preferred. Salary competitive,1
None,None,None,None,No,No,None,None,No,None,Good,1 year,Valid SSL,https://linkedin.example,Good,50,10L,1234567890,Some Address,Yes,Good,Outlook,Active,Few,Naukri,Realistic,Yes,Good,In-Person,Email,Yes,Has Questions,Inactive,Negative,Present,Yes,Yes,None,Frontend developer required - html css js,1
None,No,Yes,No,None,None,No,No,No,No,Poor,1 year,Valid SSL,https://linkedin.example,Good,50,10L,1234567890,Some Address,Yes,Poor,Gmail,Active,None,WhatsApp,Low,Yes,Poor,Phone,Telegram,No,Has Questions,Inactive,None,None,Yes,Yes,Yes,Hiring marketing executive with good comm skills and sales experience,1
No,None,No,None,No,No,Yes,Yes,Yes,No,Average,1 year,Valid SSL,https://linkedin.example,Good,50,10L,1234567890,Some Address,No,Average,Gmail,Active,Few,WhatsApp,High,Yes,Good,None,WhatsApp,No,Has Questions,Inactive,Negative,Present,No,None,No,Job opening in finance. CA preferred. Salary competitive,1
Yes,No,Yes,No,Yes,None,Yes,None,None,Yes,Poor,1 year,Valid SSL,https://linkedin.example,Good,50,10L,1234567890,Some Address,Yes,Poor,Yahoo,Inactive,Many,Indeed,High,Yes,Good,Video,Email,Yes,Has Questions,Inactive,Positive,None,Yes,Yes,Yes,Frontend developer required - html css js,1
Yes,None,No,No,None,No,None,Yes,Yes,Yes,Poor,1 year,Valid SSL,https://linkedin.example,Good,50,10L,1234567890,Some Address,No,Poor,Gmail,Inactive,None,Telegram,Low,Yes,Good,Phone,Call,Yes,Has Questions,Active,None,None,No,None,No,Hiring marketing executive with good comm skills and sales experience,1
No,None,Yes,Yes,None,None,None,No,No,Yes,Excellent,1 year,Valid SSL,https://linkedin.example,Good,50,10L,1234567890,Some Address,No,Excellent,Outlook,Active,Few,WhatsApp,Realistic,Yes,Average,None,WhatsApp,No,Has Questions,Inactive,Positive,Present,No,Yes,Yes,Urgent requirement for developer. Apply now with resume,1
None,None,Yes,None,None,None,Yes,No,Yes,None,Good,1 year,Valid SSL,https://linkedin.example,Good,50,10L,1234567890,Some Address,Yes,Good,Company Domain,Active,None,WhatsApp,High,No,Average,In-Person,WhatsApp,No,Has Questions,Inactive,Negative,None,Yes,Yes,None,Urgent requirement for developer. Apply now with resume,1
Yes,Yes,No,None,Yes,None,None,None,None,None,Average,1 year,Valid SSL,https://linkedin.example,Good,50,10L,1234567890,Some Address,No,Average,Gmail,Inactive,Few,LinkedIn,Low,No,Poor,In-Person,Email,No,Has Questions,Active,Positive,Present,No,Yes,None,Urgent requirement for developer. Apply now with resume,0
No,Yes,Yes,No,No,Yes,No,Yes,None,Yes,Poor,1 year,Valid SSL,https://linkedin.example,Good,50,10L,1234567890,Some Address,Yes,Poor,Yahoo,Inactive,None,Telegram,Low,Yes,Poor,Phone,Call,No,Has Questions,Inactive,None,None,Yes,Yes,No,Hiring marketing executive with good comm skills and sales experience,0
No,No,Yes,Yes,None,Yes,Yes,No,No,No,Average,1 year,Valid SSL,https://linkedin.example,Good,50,10L,1234567890,Some Address,Yes,Average,Company Domain,Inactive,None,Indeed,Low,Yes,Good,In-Person,Call,Yes,Has Questions,Active,None,Present,Yes,No,None,Urgent requirement for developer. Apply now with resume,0
None,None,No,No,None,No,Yes,Yes,None,None,Excellent,1 year,Valid SSL,https://linkedin.example,Good,50,10L,1234567890,Some Address,No,Excellent,Company Domain,Active,Few,Indeed,Low,Yes,Average,None,Call,No,Has Questions,Active,Negative,None,No,None,No,Looking for software engineer with 2+ years experience in python and django,1
Yes,None,None,Yes,No,None,Yes,No,No,None,Poor,1 year,Valid SSL,https://linkedin.example,Good,50,10L,1234567890,Some Address,Yes,Poor,Company Domain,Inactive,None,Telegram,Low,No,Average,Phone,Call,Yes,Has Questions,Active,None,Present,Yes,Yes,No,Looking for software engineer with 2+ years experience in python and django,1
None,No,None,No,No,None,No,Yes,Yes,No,Average,1 year,Valid SSL,https://linkedin.example,Good,50,10L,1234567890,Some Address,No,Average,Yahoo,Inactive,Few,WhatsApp,Realistic,Yes,Average,In-Person,Email,Yes,Has Questions,Active,None,None,No,No,Yes,Job opening in finance. CA preferred. Salary competitive,1
Yes,Yes,No,None,No,No,No,Yes,No,None,Poor,1 year,Valid SSL,https://linkedin.example,Good,50,10L,1234567890,Some Address,Yes,Poor,Gmail,Active,Few,Naukri,Realistic,No,Average,In-Person,Email,Yes,Has Questions,Active,Positive,Present,Yes,None,No,Urgent requirement for developer. Apply now with resume,0
None,No,Yes,None,Yes,No,Yes,Yes,None,No,Poor,1 year,Valid SSL,https://linkedin.example,Good,50,10L,1234567890,Some Address,No,Poor,Outlook,Active,None,WhatsApp,High,Yes,Average,Video,Telegram,No,Has Questions,Inactive,Negative,None,No,None,Yes,Looking for software engineer with 2+ years experience in python and django,0
Yes,No,No,No,No,No,No,None,None,None,Excellent,1 year,Valid SSL,https://linkedin.example,Good,50,10L,1234567890,Some Address,Yes,Excellent,Company Domain,Inactive,Many,Telegram,Low,No,Good,None,Email,No,Has Questions,Inactive,None,Present,Yes,No,No,Urgent requirement for developer. Apply now with resume,1
None,No,None,None,None,Yes,No,None,Yes,None,Excellent,1 year,Valid SSL,https://linkedin.example,Good,50,10L,1234567890,Some Address,No,Excellent,Gmail,Active,None,WhatsApp,High,No,Poor,None,Telegram,Yes,Has Questions,Active,Positive,None,No,No,None,Urgent requirement for developer. Apply now with resume,0
None,None,Yes,No,Yes,None,No,Yes,None,Yes,Poor,1 year,Valid SSL,https://linkedin.example,Good,50,10L,1234567890,Some Address,Yes,Poor,Outlook,Active,Many,Telegram,High,Yes,Good,In-Person,WhatsApp,No,Has Questions,Inactive,None,Present,Yes,Yes,Yes,Job opening in finance. CA preferred. Salary competitive,0
No,None,Yes,No,No,No,None,None,No,None,Excellent,1 year,Valid SSL,https://linkedin.example,Good,50,10L,1234567890,Some Address,No,Excellent,Outlook,Inactive,None,Naukri,Realistic,Yes,Poor,None,WhatsApp,Yes,Has Questions,Active,None,None,No,Yes,None,Hiring marketing executive with good comm skills and sales experience,0
None,None,None,No,No,None,Yes,Yes,None,None,Good,1 year,Valid SSL,https://linkedin.example,Good,50,10L,1234567890,Some Address,Yes,Good,Gmail,Active,None,Indeed,Low,Yes,Poor,Phone,Email,Yes,Has Questions,Inactive,Negative,None,Yes,Yes,None,Frontend developer required - html css js,0
No,Yes,No,Yes,None,Yes,Yes,None,None,None,Good,1 year,Valid SSL,https://linkedin.example,Good,50,10L,1234567890,Some Address,No,Good,Gmail,Active,Many,LinkedIn,Realistic,Yes,Average,In-Person,WhatsApp,Yes,Has Questions,Inactive,None,Present,No,Yes,No,Hiring marketing executive with good comm skills and sales experience,0
No,None,No,No,None,No,Yes,No,Yes,No,Poor,1 year,Valid SSL,https://linkedin.example,Good,50,10L,1234567890,Some Address,No,Poor,Outlook,Inactive,Many,WhatsApp,Realistic,Yes,Good,Video,Call,Yes,Has Questions,Active,None,Present,No,None,None,Job opening in finance. CA preferred. Salary competitive,1
Yes,None,No,Yes,None,None,No,No,Yes,None,Average,1 year,Valid SSL,https://linkedin.example,Good,50,10L,1234567890,Some Address,Yes,Average,Company Domain,Inactive,Few,Naukri,Realistic,Yes,Good,Video,Telegram,No,Has Questions,Active,None,Present,Yes,None,None,Hiring marketing executive with good comm skills and sales experience,1
None,None,No,Yes,No,No,No,Yes,Yes,None,Poor,1 year,Valid SSL,https://linkedin.example,Good,50,10L,1234567890,Some Address,No,Poor,Company Domain,Active,Many,Naukri,High,No,Good,Video,WhatsApp,Yes,Has Questions,Inactive,None,Present,No,No,No,Looking for software engineer with 2+ years experience in python and django,1
Yes,No,Yes,No,None,None,Yes,No,None,None,Excellent,1 year,Valid SSL,https://linkedin.example,Good,50,10L,1234567890,Some Address,No,Excellent,Gmail,Active,Few,Telegram,High,No,Average,Video,Email,Yes,Has Questions,Active,Positive,Present,No,Yes,No,Job opening in finance. CA preferred. Salary competitive,1
No,No,No,None,None,No,Yes,Yes,No,No,Good,1 year,Valid SSL,https://linkedin.example,Good,50,10L,1234567890,Some Address,Yes,Good,Company Domain,Inactive,Few,Indeed,Realistic,Yes,Good,Video,WhatsApp,Yes,Has Questions,Active,Negative,None,Yes,Yes,None,Looking for software engineer with 2+ years experience in python and django,1
Yes,No,Yes,None,None,None,Yes,Yes,Yes,Yes,Good,1 year,Valid SSL,https://linkedin.example,Good,50,10L,1234567890,Some Address,No,Good,Gmail,Inactive,None,WhatsApp,Low,No,Poor,None,WhatsApp,No,Has Questions,Inactive,Negative,None,No,Yes,None,Frontend developer required - html css js,1
No,No,None,None,No,No,No,Yes,None,No,Good,1 year,Valid SSL,https://linkedin.example,Good,50,10L,1234567890,Some Address,No,Good,Yahoo,Inactive,Many,Naukri,High,Yes,Poor,In-Person,Email,Yes,Has Questions,Inactive,Positive,Present,No,None,None,Urgent requirement for developer. Apply now with resume,1
No,Yes,None,No,No,None,Yes,No,None,No,Excellent,1 year,Valid SSL,https://linkedin.example,Good,50,10L,1234567890,Some Address,No,Excellent,Gmail,Active,Many,Indeed,High,No,Average,None,Email,No,Has Questions,Active,Negative,None,No,Yes,No,Hiring marketing executive with good comm skills and sales experience,1
No,None,Yes,None,None,Yes,Yes,Yes,None,Yes,Excellent,1 year,Valid SSL,https://linkedin.example,Good,50,10L,1234567890,Some Address,No,Excellent,Company Domain,Inactive,None,Telegram,Low,No,Good,None,Telegram,No,Has Questions,Inactive,Negative,Present,No,None,No,Looking for software engineer with 2+ years experience in python and django,1
None,None,None,Yes,No,No,None,No,No,None,Poor,1 year,Valid SSL,https://linkedin.example,Good,50,10L,1234567890,Some Address,No,Poor,Company Domain,Active,Many,WhatsApp,Low,Yes,Average,Video,WhatsApp,Yes,Has Questions,Active,Negative,Present,No,Yes,Yes,Urgent requirement for developer. Apply now with resume,0
Yes,Yes,Yes,No,No,Yes,Yes,No,No,Yes,Average,1 year,Valid SSL,https://linkedin.example,Good,50,10L,1234567890,Some Address,Yes,Average,Yahoo,Active,None,Indeed,High,No,Good,Video,Email,Yes,Has Questions,Active,Negative,None,Yes,None,No,Job opening in finance. CA preferred. Salary competitive,1
Yes,None,Yes,No,Yes,None,None,Yes,None,No,Average,1 year,Valid SSL,https://linkedin.example,Good,50,10L,1234567890,Some Address,No,Average,Outlook,Active,Few,Telegram,Realistic,No,Average,None,Telegram,Yes,Has Questions,Active,None,Present,No,None,None,Urgent requirement for developer. Apply now with resume,0
No,Yes,No,None,Yes,No,None,No,Yes,Yes,Average,1 year,Valid SSL,https://linkedin.example,Good,50,10L,1234567890,Some Address,Yes,Average,Outlook,Active,Many,Naukri,Realistic,Yes,Good,In-Person,WhatsApp,No,Has Questions,Inactive,Positive,Present,Yes,None,Yes,Urgent requirement for developer. Apply now with resume,0
Yes,None,Yes,Yes,No,No,No,None,Yes,No,Poor,1 year,Valid SSL,https://linkedin.example,Good,50,10L,1234567890,Some Address,Yes,Poor,Gmail,Active,None,Telegram,High,No,Good,Video,WhatsApp,No,Has Questions,Active,Positive,None,Yes,Yes,Yes,Hiring marketing executive with good comm skills and sales experience,1
None,None,Yes,Yes,No,No,None,No,None,None,Excellent,1 year,Valid SSL,https://linkedin.example,Good,50,10L,1234567890,Some Address,Yes,Excellent,Gmail,Inactive,None,Telegram,Low,Yes,Average,In-Person,WhatsApp,No,Has Questions,Active,None,None,Yes,None,None,Hiring marketing executive with good comm skills and sales experience,0
Yes,None,No,Yes,None,None,None,Yes,No,No,Average,1 year,Valid SSL,https://linkedin.example,Good,50,10L,1234567890,Some Address,Yes,Average,Outlook,Inactive,None,Naukri,High,Yes,Good,Phone,WhatsApp,No,Has Questions,Active,Positive,Present,Yes,No,None,Job opening in finance. CA preferred. Salary competitive,0
None,No,No,Yes,No,None,Yes,Yes,None,No,Poor,1 year,Valid SSL,https://linkedin.example,Good,50,10L,1234567890,Some Address,Yes,Poor,Gmail,Inactive,Few,Telegram,Low,Yes,Good,Phone,Email,No,Has Questions,Inactive,Positive,Present,Yes,Yes,Yes,Frontend developer required - html css js,0
None,None,Yes,Yes,No,Yes,None,None,No,None,Average,1 year,Valid SSL,https://linkedin.example,Good,50,10L,1234567890,Some Address,Yes,Average,Gmail,Inactive,Many,WhatsApp,Low,Yes,Poor,Video,Telegram,No,Has Questions,Inactive,None,None,Yes,No,Yes,Looking for software engineer with 2+ years experience in python and django,0
None,Yes,None,Yes,No,No,Yes,No,Yes,Yes,Excellent,1 year,Valid SSL,https://linkedin.example,Good,50,10L,1234567890,Some Address,No,Excellent,Yahoo,Active,Many,Naukri,Low,Yes,Average,Video,Telegram,Yes,Has Questions,Inactive,None,None,No,None,None,Looking for software engineer with 2+ years experience in python and django,0
None,Yes,Yes,No,No,None,No,No,Yes,No,Good,1 year,Valid SSL,https://linkedin.example,Good,50,10L,1234567890,Some Address,Yes,Good,Company Domain,Inactive,Few,Indeed,Realistic,Yes,Average,Phone,Telegram,No,Has Questions,Inactive,Positive,Present,Yes,None,No,Urgent requirement for developer. Apply now with resume,0
No,Yes,None,Yes,No,Yes,No,Yes,None,None,Good,1 year,Valid SSL,https://linkedin.example,Good,50,10L,1234567890,Some Address,No,Good,Gmail,Active,None,LinkedIn,Realistic,Yes,Average,Video,Email,No,Has Questions,Active,Negative,None,No,No,No,Frontend developer required - html css js,1
No,No,Yes,Yes,Yes,Yes,None,Yes,No,None,Poor,1 year,Valid SSL,https://linkedin.example,Good,50,10L,1234567890,Some Address,Yes,Poor,Gmail,Active,Few,WhatsApp,High,Yes,Average,None,Call,No,Has Questions,Active,Positive,Present,Yes,None,None,Looking for software engineer with 2+ years experience in python and django,1
None,Yes,None,Yes,Yes,No,No,None,None,Yes,Average,1 year,Valid SSL,https://linkedin.example,Good,50,10L,1234567890,Some Address,Yes,Average,Yahoo,Active,Many,Indeed,Low,Yes,Average,In-Person,Telegram,No,Has Questions,Inactive,None,None,Yes,None,No,Frontend developer required - html css js,1
No,Yes,Yes,None,Yes,No,No,No,Yes,None,Average,1 year,Valid SSL,https://linkedin.example,Good,50,10L,1234567890,Some Address,No,Average,Yahoo,Inactive,Many,WhatsApp,Realistic,Yes,Good,None,Telegram,Yes,Has Questions,Active,Positive,None,No,No,Yes,Urgent requirement for developer. Apply now with resume,0
Yes,None,Yes,Yes,None,None,No,None,Yes,None,Good,1 year,Valid SSL,https://linkedin.example,Good,50,10L,1234567890,Some Address,No,Good,Outlook,Active,Many,LinkedIn,High,Yes,Poor,Phone,Email,Yes,Has Questions,Active,Negative,None,No,No,Yes,Job opening in finance. CA preferred. Salary competitive,0
Yes,None,Yes,None,None,None,Yes,Yes,None,No,Average,1 year,Valid SSL,https://linkedin.example,Good,50,10L,1234567890,Some Address,Yes,Average,Yahoo,Active,Few,LinkedIn,Realistic,Yes,Poor,Phone,Call,Yes,Has Questions,Inactive,Negative,Present,Yes,No,Yes,Looking for software engineer with 2+ years experience in python and django,1
None,None,Yes,None,None,None,Yes,None,Yes,No,Poor,1 year,Valid SSL,https://linkedin.example,Good,50,10L,1234567890,Some Address,No,Poor,Gmail,Active,Many,Naukri,Realistic,No,Average,Phone,WhatsApp,Yes,Has Questions,Active,Negative,None,No,No,None,Frontend developer required - html css js,1
None,No,None,None,No,None,Yes,No,None,No,Poor,1 year,Valid SSL,https://linkedin.example,Good,50,10L,1234567890,Some Address,Yes,Poor,Company Domain,Inactive,Many,Indeed,Low,Yes,Average,In-Person,Email,Yes,Has Questions,Active,None,Present,Yes,Yes,None,Frontend developer required - html css js,0
Yes,Yes,Yes,None,Yes,No,None,None,None,Yes,Average,1 year,Valid SSL,https://linkedin.example,Good,50,10L,1234567890,Some Address,Yes,Average,Gmail,Active,None,WhatsApp,High,No,Good,Video,Email,Yes,Has Questions,Inactive,Positive,Present,Yes,Yes,Yes,Job opening in finance. CA preferred. Salary competitive,0
No,None,Yes,None,No,None,None,Yes,Yes,None,Poor,1 year,Valid SSL,https://linkedin.example,Good,50,10L,1234567890,Some Address,Yes,Poor,Gmail,Inactive,Few,WhatsApp,Low,No,Good,None,WhatsApp,Yes,Has Questions,Active,None,None,Yes,No,No,Hiring marketing executive with good comm skills and sales experience,0
No,Yes,None,Yes,None,Yes,None,None,None,None,Poor,1 year,Valid SSL,https://linkedin.example,Good,50,10L,1234567890,Some Address,Yes,Poor,Company Domain,Inactive,None,WhatsApp,High,Yes,Poor,None,WhatsApp,Yes,Has Questions,Inactive,None,Present,Yes,No,None,Frontend developer required - html css js,1
No,Yes,None,No,Yes,Yes,No,No,Yes,No,Good,1 year,Valid SSL,https://linkedin.example,Good,50,10L,1234567890,Some Address,Yes,Good,Outlook,Active,Many,LinkedIn,Low,No,Average,Video,Email,Yes,Has Questions,Inactive,Positive,Present,Yes,None,Yes,Frontend developer required - html css js,0
None,None,No,None,No,No,Yes,No,Yes,None,Good,1 year,Valid SSL,https://linkedin.example,Good,50,10L,1234567890,Some Address,Yes,Good,Outlook,Inactive,Many,WhatsApp,High,Yes,Good,None,Call,No,Has Questions,Active,Negative,None,Yes,None,Yes,Job opening in finance. CA preferred. Salary competitive,0
No,None,None,Yes,None,None,None,None,None,Yes,Good,1 year,Valid SSL,https://linkedin.example,Good,50,10L,1234567890,Some Address,Yes,Good,Outlook,Inactive,Few,Telegram,High,Yes,Good,None,Call,Yes,Has Questions,Inactive,Positive,None,Yes,None,No,Job opening in finance. CA preferred. Salary competitive,1
No,Yes,No,No,None,None,No,No,Yes,None,Average,1 year,Valid SSL,https://linkedin.example,Good,50,10L,1234567890,Some Address,No,Average,Outlook,Inactive,None,Indeed,Realistic,No,Average,Video,Email,No,Has Questions,Inactive,Positive,None,No,No,Yes,Frontend developer required - html css js,0
None,Yes,No,None,Yes,No,None,Yes,No,Yes,Poor,1 year,Valid SSL,https://linkedin.example,Good,50,10L,1234567890,Some Address,No,Poor,Outlook,Inactive,Many,Naukri,Realistic,No,Poor,Phone,WhatsApp,Yes,Has Questions,Active,None,None,No,Yes,Yes,Urgent requirement for developer. Apply now with resume,0
Yes,Yes,Yes,None,Yes,None,Yes,Yes,Yes,No,Good,1 year,Valid SSL,https://linkedin.example,Good,50,10L,1234567890,Some Address,Yes,Good,Company Domain,Inactive,Few,Indeed,Low,No,Poor,Phone,Email,Yes,Has Questions,Inactive,None,Present,Yes,Yes,Yes,Job opening in finance. CA preferred. Salary competitive,0
No,None,None,Yes,None,No,None,No,No,None,Poor,1 year,Valid SSL,https://linkedin.example,Good,50,10L,1234567890,Some Address,No,Poor,Company Domain,Active,Few,Telegram,Low,Yes,Good,In-Person,Email,No,Has Questions,Inactive,Positive,None,No,None,No,Job opening in finance. CA preferred. Salary competitive,0
No,Yes,Yes,None,No,Yes,No,No,None,No,Excellent,1 year,Valid SSL,https://linkedin.example,Good,50,10L,1234567890,Some Address,No,Excellent,Gmail,Active,Few,Naukri,Realistic,No,Poor,Phone,Telegram,Yes,Has Questions,Active,Positive,None,No,No,Yes,Looking for software engineer with 2+ years experience in python and django,1
Yes,No,Yes,Yes,None,Yes,None,No,Yes,None,Excellent,1 year,Valid SSL,https://linkedin.example,Good,50,10L,1234567890,Some Address,Yes,Excellent,Company Domain,Active,Many,Naukri,Low,No,Average,In-Person,WhatsApp,No,Has Questions,Inactive,Negative,None,Yes,None,Yes,Job opening in finance. CA preferred. Salary competitive,1
None,Yes,Yes,No,Yes,Yes,None,None,None,None,Excellent,1 year,Valid SSL,https://linkedin.example,Good,50,10L,1234567890,Some Address,Yes,Excellent,Yahoo,Active,Many,Indeed,Low,No,Average,Video,Telegram,No,Has Questions,Active,Negative,None,Yes,Yes,Yes,Hiring marketing executive with good comm skills and sales experience,0
No,None,None,No,Yes,Yes,Yes,Yes,Yes,Yes,Average,1 year,Valid SSL,https://linkedin.example,Good,50,10L,1234567890,Some Address,No,Average,Outlook,Inactive,None,Indeed,Low,Yes,Good,Phone,Email,Yes,Has Questions,Active,Positive,None,No,Yes,No,Looking for software engineer with 2+ years experience in python and django,1
No,Yes,No,Yes,None,No,No,None,No,No,Average,1 year,Valid SSL,https://linkedin.example,Good,50,10L,1234567890,Some Address,No,Average,Outlook,Active,Few,Indeed,Low,No,Poor,None,Call,No,Has Questions,Inactive,None,None,No,No,No,Frontend developer required - html css js,0
None,None,No,Yes,None,Yes,Yes,None,Yes,No,Excellent,1 year,Valid SSL,https://linkedin.example,Good,50,10L,1234567890,Some Address,No,Excellent,Yahoo,Inactive,Few,Telegram,Low,Yes,Poor,Video,WhatsApp,No,Has Questions,Active,None,Present,No,Yes,No,Job opening in finance. CA preferred. Salary competitive,0
None,No,Yes,No,No,Yes,Yes,Yes,None,No,Good,1 year,Valid SSL,https://linkedin.example,Good,50,10L,1234567890,Some Address,No,Good,Outlook,Inactive,Few,Telegram,High,Yes,Poor,In-Person,Telegram,Yes,Has Questions,Inactive,Positive,None,No,No,None,Job opening in finance. CA preferred. Salary competitive,1
Yes,Yes,Yes,Yes,None,No,None,Yes,Yes,None,Excellent,1 year,Valid SSL,https://linkedin.example,Good,50,10L,1234567890,Some Address,Yes,Excellent,Outlook,Active,Few,Naukri,Realistic,No,Average,Video,Telegram,Yes,Has Questions,Active,None,None,Yes,None,None,Job opening in finance. CA preferred. Salary competitive,1
None,No,No,No,No,No,No,No,No,None,Poor,1 year,Valid SSL,https://linkedin.example,Good,50,10L,1234567890,Some Address,Yes,Poor,Outlook,Inactive,Many,Naukri,Realistic,No,Poor,In-Person,Email,No,Has Questions,Active,Positive,Present,Yes,No,None,Hiring marketing executive with good comm skills and sales experience,0
No,None,No,None,None,Yes,None,No,None,No,Excellent,1 year,Valid SSL,https://linkedin.example,Good,50,10L,1234567890,Some Address,No,Excellent,Outlook,Inactive,Few,Naukri,Realistic,Yes,Average,Phone,WhatsApp,No,Has Questions,Inactive,Positive,None,No,No,None,Hiring marketing executive with good comm skills and sales experience,0
None,No,Yes,None,Yes,No,Yes,Yes,Yes,Yes,Excellent,1 year,Valid SSL,https://linkedin.example,Good,50,10L,1234567890,Some Address,Yes,Excellent,Gmail,Active,Many,Telegram,Low,No,Good,In-Person,Email,Yes,Has Questions,Active,Negative,Present,Yes,Yes,Yes,Hiring marketing executive with good comm skills and sales experience,0
No,No,No,Yes,Yes,No,None,Yes,None,None,Good,1 year,Valid SSL,https://linkedin.example,Good,50,10L,1234567890,Some Address,Yes,Good,Gmail,Inactive,Few,Naukri,High,No,Good,In-Person,Telegram,Yes,Has Questions,Inactive,Negative,None,Yes,None,No,Frontend developer required - html css js,1
Yes,Yes,No,No,No,Yes,No,None,No,No,Excellent,1 year,Valid SSL,https://linkedin.example,Good,50,10L,1234567890,Some Address,Yes,Excellent,Yahoo,Inactive,Few,LinkedIn,Realistic,Yes,Average,None,Email,No,Has Questions,Inactive,None,Present,Yes,None,None,Job opening in finance. CA preferred. Salary competitive,1
None,None,None,No,No,None,None,None,None,Yes,Average,1 year,Valid SSL,https://linkedin.example,Good,50,10L,1234567890,Some Address,No,Average,Gmail,Active,None,LinkedIn,Realistic,No,Good,Video,Telegram,Yes,Has Questions,Inactive,Negative,None,No,None,Yes,Job opening in finance. CA preferred. Salary competitive,1
Yes,Yes,No,None,No,None,None,Yes,None,Yes,Good,1 year,Valid SSL,https://linkedin.example,Good,50,10L,1234567890,Some Address,No,Good,Yahoo,Inactive,Many,Indeed,Realistic,Yes,Good,Video,Telegram,No,Has Questions,Inactive,Negative,None,No,None,Yes,Frontend developer required - html css js,0
None,Yes,Yes,Yes,None,Yes,None,None,No,No,Poor,1 year,Valid SSL,https://linkedin.example,Good,50,10L,1234567890,Some Address,Yes,Poor,Gmail,Inactive,Few,Indeed,Realistic,No,Average,None,Email,Yes,Has Questions,Active,None,None,Yes,None,None,Looking for software engineer with 2+ years experience in python and django,0
No,No,Yes,No,Yes,Yes,Yes,None,None,None,Poor,1 year,Valid SSL,https://linkedin.example,Good,50,10L,1234567890,Some Address,No,Poor,Yahoo,Active,Few,Indeed,High,No,Good,Phone,WhatsApp,Yes,Has Questions,Inactive,Positive,Present,No,None,Yes,Looking for software engineer with 2+ years experience in python and django,1
None,No,No,None,No,No,Yes,No,Yes,None,Excellent,1 year,Valid SSL,https://linkedin.example,Good,50,10L,1234567890,Some Address,No,Excellent,Outlook,Inactive,None,LinkedIn,Low,No,Average,In-Person,WhatsApp,Yes,Has Questions,Inactive,None,None,No,Yes,Yes,Urgent requirement for developer. Apply now with resume,1
None,None,Yes,None,No,No,No,No,None,Yes,Excellent,1 year,Valid SSL,https://linkedin.example,Good,50,10L,1234567890,Some Address,Yes,Excellent,Yahoo,Active,None,Indeed,Low,Yes,Good,In-Person,Call,No,Has Questions,Inactive,Positive,None,Yes,Yes,No,Hiring marketing executive with good comm skills and sales experience,0
None,None,No,None,No,None,None,None,No,No,Good,1 year,Valid SSL,https://linkedin.example,Good,50,10L,1234567890,Some Address,No,Good,Gmail,Active,Many,WhatsApp,Realistic,Yes,Average,In-Person,WhatsApp,Yes,Has Questions,Inactive,None,Present,No,Yes,None,Looking for software engineer with 2+ years experience in python and django,1
No,Yes,Yes,No,None,None,Yes,Yes,Yes,None,Excellent,1 year,Valid SSL,https://linkedin.example,Good,50,10L,1234567890,Some Address,No,Excellent,Outlook,Inactive,Few,LinkedIn,Low,No,Average,Phone,Telegram,Yes,Has Questions,Inactive,Positive,None,No,Yes,No,Urgent requirement for developer. Apply now with resume,0
None,None,No,No,None,Yes,No,None,Yes,Yes,Good,1 year,Valid SSL,https://linkedin.example,Good,50,10L,1234567890,Some Address,Yes,Good,Gmail,Active,Few,Telegram,Realistic,No,Good,Phone,WhatsApp,No,Has Questions,Active,None,None,Yes,None,No,Job opening in finance. CA preferred. Salary competitive,1
No,Yes,Yes,Yes,Yes,Yes,None,No,None,No,Excellent,1 year,Valid SSL,https://linkedin.example,Good,50,10L,1234567890,Some Address,Yes,Excellent,Yahoo,Active,Many,Indeed,Low,No,Poor,None,Call,No,Has Questions,Inactive,None,None,Yes,Yes,None,Hiring marketing executive with good comm skills and sales experience,1
Yes,None,No,None,Yes,Yes,None,Yes,No,Yes,Excellent,1 year,Valid SSL,https://linkedin.example,Good,50,10L,1234567890,Some Address,No,Excellent,Company Domain,Active,None,Telegram,Low,Yes,Poor,Phone,Email,No,Has Questions,Inactive,Positive,None,No,Yes,Yes,Job opening in finance. CA preferred. Salary competitive,0
None,None,None,No,No,None,Yes,None,None,No,Average,1 year,Valid SSL,https://linkedin.example,Good,50,10L,1234567890,Some Address,Yes,Average,Yahoo,Inactive,Few,LinkedIn,Low,No,Good,Video,WhatsApp,No,Has Questions,Active,None,None,Yes,None,No,Frontend developer required - html css js,1
Yes,None,No,Yes,Yes,No,Yes,No,Yes,None,Poor,1 year,Valid SSL,https://linkedin.example,Good,50,10L,1234567890,Some Address,No,Poor,Outlook,Active,Many,Telegram,Realistic,No,Good,None,Email,Yes,Has Questions,Active,Negative,Present,No,Yes,Yes,Frontend developer required - html css js,0
None,None,None,Yes,No,Yes,None,Yes,Yes,None,Excellent,1 year,Valid SSL,https://linkedin.example,Good,50,10L,1234567890,Some Address,Yes,Excellent,Company Domain,Active,Few,Indeed,Low,No,Good,None,Telegram,Yes,Has Questions,Inactive,None,None,Yes,No,None,Frontend developer required - html css js,1
None,Yes,No,Yes,Yes,None,No,Yes,No,No,Poor,1 year,Valid SSL,https://linkedin.example,Good,50,10L,1234567890,Some Address,No,Poor,Outlook,Inactive,None,Indeed,Low,Yes,Average,In-Person,Email,No,Has Questions,Inactive,Negative,None,No,None,None,Job opening in finance. CA preferred. Salary competitive,1
No,Yes,None,No,Yes,Yes,None,No,Yes,None,Poor,1 year,Valid SSL,https://linkedin.example,Good,50,10L,1234567890,Some Address,Yes,Poor,Yahoo,Active,Many,WhatsApp,High,Yes,Good,None,Email,Yes,Has Questions,Active,Positive,Present,Yes,None,No,Looking for software engineer with 2+ years experience in python and django,0
No,None,No,Yes,Yes,Yes,No,None,Yes,No,Poor,1 year,Valid SSL,https://linkedin.example,Good,50,10L,1234567890,Some Address,No,Poor,Outlook,Active,None,Naukri,Low,Yes,Good,None,Email,No,Has Questions,Active,Negative,Present,No,Yes,No,Looking for software engineer with 2+ years experience in python and django,0
No,None,None,None,Yes,None,None,None,No,No,Excellent,1 year,Valid SSL,https://linkedin.example,Good,50,10L,1234567890,Some Address,Yes,Excellent,Outlook,Active,Few,WhatsApp,Realistic,No,Good,None,Call,Yes,Has Questions,Inactive,Positive,None,Yes,Yes,No,Frontend developer required - html css js,0
No,None,None,Yes,Yes,No,Yes,None,Yes,No,Poor,1 year,Valid SSL,https://linkedin.example,Good,50,10L,1234567890,Some Address,Yes,Poor,Yahoo,Active,None,Indeed,High,No,Poor,Phone,Email,No,Has Questions,Inactive,Positive,Present,Yes,Yes,None,Looking for software engineer with 2+ years experience in python and django,1
No,Yes,Yes,Yes,Yes,No,Yes,None,Yes,None,Excellent,1 year,Valid SSL,https://linkedin.example,Good,50,10L,1234567890,Some Address,Yes,Excellent,Gmail,Inactive,Few,WhatsApp,Low,Yes,Poor,Video,WhatsApp,Yes,Has Questions,Inactive,Positive,None,Yes,No,No,Frontend developer required - html css js,1
None,None,No,Yes,Yes,None,None,No,None,No,Excellent,1 year,Valid SSL,https://linkedin.example,Good,50,10L,1234567890,Some Address,Yes,Excellent,Gmail,Inactive,Many,Telegram,Low,Yes,Average,Video,WhatsApp,Yes,Has Questions,Active,Negative,None,Yes,No,Yes,Looking for software engineer with 2+ years experience in python and django,1
Yes,None,Yes,No,Yes,None,No,None,No,Yes,Excellent,1 year,Valid SSL,https://linkedin.example,Good,50,10L,1234567890,Some Address,No,Excellent,Company Domain,Inactive,Few,WhatsApp,Realistic,Yes,Poor,Video,Call,Yes,Has Questions,Inactive,Negative,None,No,No,Yes,Urgent requirement for developer. Apply now with resume,0
Yes,Yes,Yes,Yes,Yes,Yes,None,None,No,None,Average,1 year,Valid SSL,https://linkedin.example,Good,50,10L,1234567890,Some Address,No,Average,Outlook,Active,Few,WhatsApp,Realistic,No,Good,Video,Email,Yes,Has Questions,Inactive,None,None,No,None,No,Urgent requirement for developer. Apply now with resume,0
None,Yes,Yes,None,No,No,Yes,None,Yes,No,Excellent,1 year,Valid SSL,https://linkedin.example,Good,50,10L,1234567890,Some Address,No,Excellent,Gmail,Inactive,Many,Telegram,High,Yes,Good,In-Person,Telegram,No,Has Questions,Inactive,None,Present,No,No,Yes,Job opening in finance. CA preferred. Salary competitive,0
No,Yes,No,No,Yes,No,Yes,Yes,No,None,Good,1 year,Valid SSL,https://linkedin.example,Good,50,10L,1234567890,Some Address,Yes,Good,Outlook,Inactive,None,WhatsApp,Low,No,Poor,In-Person,Email,Yes,Has Questions,Inactive,None,Present,Yes,None,No,Looking for software engineer with 2+ years experience in python and django,0
No,No,None,No,No,No,No,No,Yes,Yes,Excellent,1 year,Valid SSL,https://linkedin.example,Good,50,10L,1234567890,Some Address,No,Excellent,Outlook,Inactive,None,Naukri,Low,No,Good,In-Person,Telegram,No,Has Questions,Inactive,Negative,None,No,No,Yes,Urgent requirement for developer. Apply now with resume,1
Yes,Yes,No,None,Yes,None,No,None,No,Yes,Good,1 year,Valid SSL,https://linkedin.example,Good,50,10L,1234567890,Some Address,No,Good,Yahoo,Active,Few,LinkedIn,Realistic,Yes,Good,Video,Email,Yes,Has Questions,Inactive,Positive,None,No,No,No,Looking for software engineer with 2+ years experience in python and django,0
No,Yes,None,No,None,None,No,None,No,No,Excellent,1 year,Valid SSL,https://linkedin.example,Good,50,10L,1234567890,Some Address,No,Excellent,Gmail,Inactive,Few,Indeed,Realistic,Yes,Poor,In-Person,Telegram,Yes,Has Questions,Inactive,Negative,None,No,Yes,Yes,Job opening in finance. CA preferred. Salary competitive,1
No,No,No,Yes,No,No,No,Yes,Yes,Yes,Excellent,1 year,Valid SSL,https://linkedin.example,Good,50,10L,1234567890,Some Address,Yes,Excellent,Yahoo,Active,Many,WhatsApp,Low,Yes,Good,In-Person,Call,No,Has Questions,Active,Negative,None,Yes,No,No,Looking for software engineer with 2+ years experience in python and django,0
No,Yes,No,Yes,No,None,Yes,Yes,Yes,No,Excellent,1 year,Valid SSL,https://linkedin.example,Good,50,10L,1234567890,Some Address,No,Excellent,Yahoo,Inactive,Many,Naukri,Realistic,Yes,Average,None,Call,Yes,Has Questions,Active,Positive,Present,No,Yes,No,Frontend developer required - html css js,1
Yes,None,No,No,Yes,Yes,None,Yes,Yes,None,Excellent,1 year,Valid SSL,https://linkedin.example,Good,50,10L,1234567890,Some Address,No,Excellent,Outlook,Active,Many,Naukri,Low,Yes,Good,Phone,Telegram,Yes,Has Questions,Active,Positive,None,No,None,None,Job opening in finance. CA preferred. Salary competitive,0
Yes,No,No,Yes,None,No,None,None,None,None,Excellent,1 year,Valid SSL,https://linkedin.example,Good,50,10L,1234567890,Some Address,Yes,Excellent,Company Domain,Inactive,Many,Naukri,High,No,Good,None,Email,No,Has Questions,Inactive,None,Present,Yes,Yes,Yes,Frontend developer required - html css js,0
Yes,None,None,No,Yes,No,Yes,No,Yes,No,Average,1 year,Valid SSL,https://linkedin.example,Good,50,10L,1234567890,Some Address,No,Average,Yahoo,Inactive,None,Naukri,High,Yes,Good,Video,Telegram,No,Has Questions,Active,Positive,Present,No,Yes,Yes,Frontend developer required - html css js,0
None,No,Yes,None,No,No,None,None,None,None,Poor,1 year,Valid SSL,https://linkedin.example,Good,50,10L,1234567890,Some Address,Yes,Poor,Yahoo,Inactive,Many,WhatsApp,High,Yes,Good,In-Person,Email,Yes,Has Questions,Inactive,Positive,Present,Yes,None,No,Looking for software engineer with 2+ years experience in python and django,1
Yes,None,No,No,No,None,No,Yes,Yes,No,Excellent,1 year,Valid SSL,https://linkedin.example,Good,50,10L,1234567890,Some Address,No,Excellent,Company Domain,Inactive,Many,WhatsApp,Realistic,Yes,Average,Video,WhatsApp,No,Has Questions,Inactive,Positive,None,No,Yes,None,Looking for software engineer with 2+ years experience in python and django,0
None,None,No,No,No,Yes,Yes,No,Yes,Yes,Good,1 year,Valid SSL,https://linkedin.example,Good,50,10L,1234567890,Some Address,Yes,Good,Outlook,Active,None,Telegram,High,Yes,Average,Phone,Email,No,Has Questions,Inactive,Positive,None,Yes,Yes,No,Frontend developer required - html css js,0
Yes,Yes,None,None,No,No,Yes,None,Yes,No,Excellent,1 year,Valid SSL,https://linkedin.example,Good,50,10L,1234567890,Some Address,Yes,Excellent,Company Domain,Inactive,Few,Indeed,Low,Yes,Poor,Phone,WhatsApp,Yes,Has Questions,Inactive,Negative,None,Yes,Yes,Yes,Looking for software engineer with 2+ years experience in python and django,0
None,Yes,No,Yes,None,Yes,Yes,Yes,Yes,None,Average,1 year,Valid SSL,https://linkedin.example,Good,50,10L,1234567890,Some Address,No,Average,Gmail,Active,Few,LinkedIn,Realistic,Yes,Poor,In-Person,Call,Yes,Has Questions,Inactive,Positive,Present,No,Yes,Yes,Frontend developer required - html css js,0
No,Yes,Yes,No,Yes,No,No,Yes,None,No,Poor,1 year,Valid SSL,https://linkedin.example,Good,50,10L,1234567890,Some Address,Yes,Poor,Company Domain,Active,Few,Indeed,High,No,Average,Phone,Email,Yes,Has Questions,Active,Positive,Present,Yes,Yes,None,Urgent requirement for developer. Apply now with resume,1
None,None,None,No,No,None,None,None,Yes,Yes,Excellent,1 year,Valid SSL,https://linkedin.example,Good,50,10L,1234567890,Some Address,No,Excellent,Company Domain,Inactive,Many,Indeed,Low,Yes,Good,Phone,Call,No,Has Questions,Active,None,None,No,Yes,Yes,Hiring marketing executive with good comm skills and sales experience,0
None,No,Yes,Yes,None,Yes,Yes,None,No,No,Average,1 year,Valid SSL,https://linkedin.example,Good,50,10L,1234567890,Some Address,No,Average,Company Domain,Active,Few,Indeed,Low,No,Good,Video,Telegram,No,Has Questions,Active,None,None,No,None,None,Job opening in finance. CA preferred. Salary competitive,0
Yes,No,No,Yes,Yes,None,No,None,Yes,None,Average,1 year,Valid SSL,https://linkedin.example,Good,50,10L,1234567890,Some Address,Yes,Average,Company Domain,Inactive,Many,Telegram,High,No,Good,In-Person,WhatsApp,No,Has Questions,Inactive,Positive,Present,Yes,Yes,No,Frontend developer required - html css js,0
None,No,No,Yes,None,Yes,Yes,None,No,No,Good,1 year,Valid SSL,https://linkedin.example,Good,50,10L,1234567890,Some Address,Yes,Good,Company Domain,Inactive,Few,WhatsApp,Realistic,No,Poor,None,Email,No,Has Questions,Active,Positive,Present,Yes,No,Yes,Job opening in finance. CA preferred. Salary competitive,0
Yes,None,None,None,Yes,None,No,None,None,None,Average,1 year,Valid SSL,https://linkedin.example,Good,50,10L,1234567890,Some Address,Yes,Average,Gmail,Inactive,Many,LinkedIn,Low,Yes,Poor,Phone,Email,Yes,Has Questions,Inactive,Positive,None,Yes,No,Yes,Frontend developer required - html css js,0
Yes,Yes,No,No,None,None,No,None,Yes,No,Good,1 year,Valid SSL,https://linkedin.example,Good,50,10L,1234567890,Some Address,No,Good,Outlook,Inactive,None,Naukri,Realistic,No,Good,Phone,Call,Yes,Has Questions,Inactive,None,None,No,None,No,Job opening in finance. CA preferred. Salary competitive,0
None,Yes,Yes,Yes,No,No,None,None,Yes,No,Poor,1 year,Valid SSL,https://linkedin.example,Good,50,10L,1234567890,Some Address,Yes,Poor,Yahoo,Active,Many,LinkedIn,Low,Yes,Good,None,Call,No,Has Questions,Active,Negative,Present,Yes,No,Yes,Looking for software engineer with 2+ years experience in python and django,0
Yes,No,None,None,None,No,Yes,None,Yes,Yes,Poor,1 year,Valid SSL,https://linkedin.example,Good,50,10L,1234567890,Some Address,Yes,Poor,Company Domain,Active,Many,Indeed,Low,No,Average,None,Telegram,No,Has Questions,Inactive,None,None,Yes,None,No,Urgent requirement for developer. Apply now with resume,1
Yes,None,None,None,Yes,Yes,None,No,No,Yes,Excellent,1 year,Valid SSL,https://linkedin.example,Good,50,10L,1234567890,Some Address,No,Excellent,Outlook,Inactive,Many,Indeed,Low,Yes,Average,None,Call,No,Has Questions,Active,None,Present,No,Yes,No,Hiring marketing executive with good comm skills and sales experience,1
Yes,No,None,Yes,None,Yes,Yes,Yes,No,Yes,Poor,1 year,Valid SSL,https://linkedin.example,Good,50,10L,1234567890,Some Address,Yes,Poor,Yahoo,Active,Many,LinkedIn,High,Yes,Good,In-Person,Telegram,No,Has Questions,Inactive,None,Present,Yes,No,No,Frontend developer required - html css js,1
None,None,No,No,No,Yes,None,Yes,None,None,Excellent,1 year,Valid SSL,https://linkedin.example,Good,50,10L,1234567890,Some Address,Yes,Excellent,Yahoo,Inactive,Many,Naukri,Realistic,Yes,Good,None,WhatsApp,Yes,Has Questions,Active,Positive,Present,Yes,No,No,Looking for software engineer with 2+ years experience in python and django,0
No,None,Yes,No,None,No,No,None,No,None,Excellent,1 year,Valid SSL,https://linkedin.example,Good,50,10L,1234567890,Some Address,Yes,Excellent,Outlook,Active,None,LinkedIn,Low,No,Good,In-Person,Call,Yes,Has Questions,Active,Positive,Present,Yes,No,Yes,Frontend developer required - html css js,0
No,None,No,None,Yes,Yes,None,None,No,None,Excellent,1 year,Valid SSL,https://linkedin.example,Good,50,10L,1234567890,Some Address,Yes,Excellent,Gmail,Active,Few,LinkedIn,High,No,Good,None,Email,No,Has Questions,Active,None,Present,Yes,None,None,Job opening in finance. CA preferred. Salary competitive,1
Yes,Yes,No,None,Yes,None,None,None,None,None,Poor,1 year,Valid SSL,https://linkedin.example,Good,50,10L,1234567890,Some Address,Yes,Poor,Gmail,Inactive,Few,Naukri,High,Yes,Average,Video,Email,No,Has Questions,Inactive,None,Present,Yes,No,No,Hiring marketing executive with good comm skills and sales experience,0
None,None,None,Yes,No,None,No,None,No,Yes,Excellent,1 year,Valid SSL,https://linkedin.example,Good,50,10L,1234567890,Some Address,Yes,Excellent,Outlook,Active,Many,WhatsApp,Low,No,Average,None,Call,Yes,Has Questions,Active,None,None,Yes,None,No,Hiring marketing executive with good comm skills and sales experience,0
No,None,None,None,Yes,No,No,None,Yes,No,Good,1 year,Valid SSL,https://linkedin.example,Good,50,10L,1234567890,Some Address,Yes,Good,Outlook,Active,Many,WhatsApp,Low,No,Good,Video,WhatsApp,No,Has Questions,Inactive,None,Present,Yes,No,No,Frontend developer required - html css js,1
Yes,Yes,No,No,None,None,None,No,Yes,No,Poor,1 year,Valid SSL,https://linkedin.example,Good,50,10L,1234567890,Some Address,Yes,Poor,Yahoo,Inactive,None,WhatsApp,Low,Yes,Good,In-Person,WhatsApp,No,Has Questions,Inactive,Negative,None,Yes,No,Yes,Frontend developer required - html css js,0
None,Yes,Yes,None,Yes,Yes,Yes,Yes,None,Yes,Good,1 year,Valid SSL,https://linkedin.example,Good,50,10L,1234567890,Some Address,No,Good,Company Domain,Inactive,Many,Indeed,Low,No,Poor,Video,Email,Yes,Has Questions,Inactive,None,None,No,Yes,None,Hiring marketing executive with good comm skills and sales experience,0
Yes,No,None,No,Yes,No,No,None,Yes,None,Average,1 year,Valid SSL,https://linkedin.example,Good,50,10L,1234567890,Some Address,Yes,Average,Outlook,Active,Few,WhatsApp,Realistic,Yes,Good,None,Email,Yes,Has Questions,Inactive,Negative,Present,Yes,None,Yes,Looking for software engineer with 2+ years experience in python and django,1
Yes,Yes,None,Yes,No,No,No,Yes,None,Yes,Poor,1 year,Valid SSL,https://linkedin.example,Good,50,10L,1234567890,Some Address,Yes,Poor,Yahoo,Inactive,None,LinkedIn,Low,Yes,Poor,In-Person,Telegram,No,Has Questions,Active,Negative,Present,Yes,None,No,Job opening in finance. CA preferred. Salary competitive,1
Yes,Yes,Yes,None,Yes,Yes,None,No,No,None,Excellent,1 year,Valid SSL,https://linkedin.example,Good,50,10L,1234567890,Some Address,No,Excellent,Gmail,Inactive,Few,Telegram,High,Yes,Poor,None,Telegram,No,Has Questions,Inactive,Positive,Present,No,No,None,Hiring marketing executive with good comm skills and sales experience,0
Yes,None,No,None,No,No,No,Yes,Yes,Yes,Good,1 year,Valid SSL,https://linkedin.example,Good,50,10L,1234567890,Some Address,No,Good,Gmail,Inactive,None,LinkedIn,Low,No,Poor,Phone,WhatsApp,Yes,Has Questions,Inactive,None,None,No,No,No,Hiring marketing executive with good comm skills and sales experience,0
No,No,No,No,No,No,Yes,Yes,Yes,Yes,Good,1 year,Valid SSL,https://linkedin.example,Good,50,10L,1234567890,Some Address,No,Good,Gmail,Active,None,WhatsApp,High,Yes,Average,None,Telegram,No,Has Questions,Inactive,None,None,No,None,Yes,Frontend developer required - html css js,1
None,No,Yes,No,Yes,None,None,None,None,None,Good,1 year,Valid SSL,https://linkedin.example,Good,50,10L,1234567890,Some Address,No,Good,Company Domain,Active,None,LinkedIn,High,Yes,Poor,None,WhatsApp,No,Has Questions,Active,None,None,No,None,Yes,Urgent requirement for developer. Apply now with resume,0
No,None,None,None,Yes,None,No,No,No,Yes,Good,1 year,Valid SSL,https://linkedin.example,Good,50,10L,1234567890,Some Address,No,Good,Company Domain,Active,Many,Naukri,High,No,Good,Video,Call,Yes,Has Questions,Active,Positive,None,No,Yes,No,Hiring marketing executive with good comm skills and sales experience,1
No,None,No,No,Yes,Yes,No,No,Yes,No,Average,1 year,Valid SSL,https://linkedin.example,Good,50,10L,1234567890,Some Address,Yes,Average,Company Domain,Active,Few,Indeed,Realistic,Yes,Average,Video,Call,No,Has Questions,Active,Positive,None,Yes,Yes,No,Job opening in finance. CA preferred. Salary competitive,1
Yes,Yes,None,No,None,Yes,Yes,Yes,No,No,Average,1 year,Valid SSL,https://linkedin.example,Good,50,10L,1234567890,Some Address,Yes,Average,Outlook,Inactive,None,Naukri,High,Yes,Poor,None,Email,No,Has Questions,Inactive,Positive,Present,Yes,None,Yes,Frontend developer required - html css js,0
No,None,No,Yes,None,No,No,Yes,Yes,No,Excellent,1 year,Valid SSL,https://linkedin.example,Good,50,10L,1234567890,Some Address,No,Excellent,Outlook,Active,Few,Naukri,High,No,Poor,Video,WhatsApp,No,Has Questions,Inactive,Negative,None,No,None,No,Frontend developer required - html css js,1
None,No,Yes,None,Yes,None,Yes,Yes,No,Yes,Average,1 year,Valid SSL,https://linkedin.example,Good,50,10L,1234567890,Some Address,Yes,Average,Company Domain,Inactive,Many,Indeed,Realistic,Yes,Poor,Phone,Email,No,Has Questions,Inactive,Positive,None,Yes,None,No,Looking for software engineer with 2+ years experience in python and django,0
Yes,No,No,Yes,No,No,Yes,None,Yes,No,Poor,1 year,Valid SSL,https://linkedin.example,Good,50,10L,1234567890,Some Address,Yes,Poor,Gmail,Inactive,Few,LinkedIn,High,Yes,Poor,None,WhatsApp,No,Has Questions,Inactive,None,None,Yes,None,None,Looking for software engineer with 2+ years experience in python and django,0
Yes,None,No,Yes,Yes,No,None,No,None,Yes,Average,1 year,Valid SSL,https://linkedin.example,Good,50,10L,1234567890,Some Address,No,Average,Yahoo,Inactive,None,WhatsApp,High,Yes,Poor,Video,Call,No,Has Questions,Inactive,None,None,No,No,None,Looking for software engineer with 2+ years experience in python and django,1
None,Yes,Yes,No,None,No,None,None,Yes,Yes,Poor,1 year,Valid SSL,https://linkedin.example,Good,50,10L,1234567890,Some Address,No,Poor,Company Domain,Active,Few,Telegram,Realistic,Yes,Poor,Phone,Telegram,Yes,Has Questions,Active,Positive,Present,No,No,Yes,Urgent requirement for developer. Apply now with resume,0
No,No,Yes,No,None,None,None,No,None,Yes,Average,1 year,Valid SSL,https://linkedin.example,Good,50,10L,1234567890,Some Address,Yes,Average,Gmail,Inactive,None,WhatsApp,High,Yes,Good,In-Person,Call,No,Has Questions,Active,None,None,Yes,Yes,Yes,Urgent requirement for developer. Apply now with resume,0
Yes,None,Yes,None,Yes,Yes,No,No,Yes,None,Excellent,1 year,Valid SSL,https://linkedin.example,Good,50,10L,1234567890,Some Address,No,Excellent,Yahoo,Inactive,Many,Telegram,Realistic,No,Good,Video,Telegram,Yes,Has Questions,Active,Positive,None,No,No,Yes,Looking for software engineer with 2+ years experience in python and django,0
Yes,No,Yes,No,No,Yes,None,No,Yes,No,Good,1 year,Valid SSL,https://linkedin.example,Good,50,10L,1234567890,Some Address,Yes,Good,Yahoo,Active,None,Telegram,Low,No,Good,Video,Email,No,Has Questions,Inactive,None,None,Yes,Yes,Yes,Looking for software engineer with 2+ years experience in python and django,1
Yes,No,No,No,No,No,Yes,None,None,No,Good,1 year,Valid SSL,https://linkedin.example,Good,50,10L,1234567890,Some Address,No,Good,Outlook,Inactive,Few,Indeed,High,No,Good,Phone,Email,No,Has Questions,Inactive,Positive,None,No,None,Yes,Job opening in finance. CA preferred. Salary competitive,1
Yes,No,No,None,None,None,None,Yes,None,Yes,Average,1 year,Valid SSL,https://linkedin.example,Good,50,10L,1234567890,Some Address,No,Average,Outlook,Inactive,Few,LinkedIn,High,Yes,Average,None,WhatsApp,No,Has Questions,Active,Negative,Present,No,Yes,No,Frontend developer required - html css js,1
Yes,None,Yes,No,Yes,None,None,None,None,None,Good,1 year,Valid SSL,https://linkedin.example,Good,50,10L,1234567890,Some Address,No,Good,Gmail,Active,Few,Naukri,Low,Yes,Poor,In-Person,WhatsApp,Yes,Has Questions,Active,Positive,Present,No,Yes,No,Looking for software engineer with 2+ years experience in python and django,0
No,No,None,No,Yes,No,No,None,None,Yes,Average,1 year,Valid SSL,https://linkedin.example,Good,50,10L,1234567890,Some Address,Yes,Average,Gmail,Inactive,Few,Telegram,Low,Yes,Average,In-Person,Call,No,Has Questions,Inactive,None,Present,Yes,Yes,No,Urgent requirement for developer. Apply now with resume,0
No,None,None,None,No,Yes,No,Yes,No,Yes,Good,1 year,Valid SSL,https://linkedin.example,Good,50,10L,1234567890,Some Address,No,Good,Outlook,Active,Few,WhatsApp,Low,Yes,Good,Video,Telegram,No,Has Questions,Inactive,Negative,Present,No,Yes,Yes,Frontend developer required - html css js,1
None,Yes,Yes,Yes,None,Yes,Yes,No,No,No,Good,1 year,Valid SSL,https://linkedin.example,Good,50,10L,1234567890,Some Address,Yes,Good,Gmail,Active,None,Naukri,Low,Yes,Good,None,WhatsApp,Yes,Has Questions,Inactive,Positive,Present,Yes,None,None,Urgent requirement for developer. Apply now with resume,0
None,No,None,No,None,None,Yes,No,No,None,Poor,1 year,Valid SSL,https://linkedin.example,Good,50,10L,1234567890,Some Address,Yes,Poor,Company Domain,Active,Many,Naukri,High,No,Poor,Phone,Call,No,Has Questions,Active,Positive,Present,Yes,No,No,Looking for software engineer with 2+ years experience in python and django,0
None,None,No,Yes,None,Yes,None,No,Yes,Yes,Good,1 year,Valid SSL,https://linkedin.example,Good,50,10L,1234567890,Some Address,No,Good,Company Domain,Inactive,None,Telegram,High,Yes,Average,Video,Telegram,Yes,Has Questions,Active,None,Present,No,No,None,Hiring marketing executive with good comm skills and sales experience,1
Yes,Yes,None,No,Yes,None,Yes,None,None,No,Poor,1 year,Valid SSL,https://linkedin.example,Good,50,10L,1234567890,Some Address,Yes,Poor,Outlook,Inactive,Many,Indeed,Realistic,Yes,Average,None,WhatsApp,Yes,Has Questions,Active,Negative,None,Yes,No,None,Looking for software engineer with 2+ years experience in python and django,1
None,No,No,None,Yes,None,Yes,No,No,Yes,Excellent,1 year,Valid SSL,https://linkedin.example,Good,50,10L,1234567890,Some Address,Yes,Excellent,Outlook,Inactive,Many,LinkedIn,Realistic,No,Average,Video,Telegram,No,Has Questions,Inactive,Positive,Present,Yes,None,Yes,Hiring marketing executive with good comm skills and sales experience,0
No,None,No,No,None,None,No,No,No,None,Average,1 year,Valid SSL,https://linkedin.example,Good,50,10L,1234567890,Some Address,No,Average,Outlook,Inactive,Few,LinkedIn,High,No,Average,Video,Telegram,No,Has Questions,Active,Positive,Present,No,Yes,None,Job opening in finance. CA preferred. Salary competitive,1
None,No,No,No,No,No,None,No,No,No,Excellent,1 year,Valid SSL,https://linkedin.example,Good,50,10L,1234567890,Some Address,Yes,Excellent,Outlook,Active,Many,Indeed,Realistic,No,Poor,In-Person,Call,Yes,Has Questions,Inactive,None,None,Yes,Yes,Yes,Job opening in finance. CA preferred. Salary competitive,0
No,Yes,No,Yes,No,None,None,None,No,None,Excellent,1 year,Valid SSL,https://linkedin.example,Good,50,10L,1234567890,Some Address,Yes,Excellent,Outlook,Active,None,LinkedIn,High,Yes,Average,Video,Telegram,Yes,Has Questions,Active,Positive,Present,Yes,No,Yes,Frontend developer required - html css js,1
Yes,No,Yes,None,None,Yes,No,None,None,None,Excellent,1 year,Valid SSL,https://linkedin.example,Good,50,10L,1234567890,Some Address,Yes,Excellent,Gmail,Inactive,Many,Naukri,Low,No,Good,Phone,Call,No,Has Questions,Inactive,Negative,Present,Yes,None,None,Job opening in finance. CA preferred. Salary competitive,0
No,No,Yes,None,No,None,None,None,No,No,Average,1 year,Valid SSL,https://linkedin.example,Good,50,10L,1234567890,Some Address,No,Average,Yahoo,Inactive,Few,LinkedIn,High,Yes,Average,In-Person,WhatsApp,Yes,Has Questions,Active,Negative,Present,No,None,No,Job opening in finance. CA preferred. Salary competitive,0
No,None,No,Yes,None,None,None,No,None,No,Average,1 year,Valid SSL,https://linkedin.example,Good,50,10L,1234567890,Some Address,No,Average,Outlook,Active,None,WhatsApp,Realistic,Yes,Good,Video,Telegram,Yes,Has Questions,Inactive,Positive,Present,No,No,No,Frontend developer required - html css js,1
None,Yes,None,Yes,Yes,Yes,Yes,No,None,None,Good,1 year,Valid SSL,https://linkedin.example,Good,50,10L,1234567890,Some Address,No,Good,Gmail,Inactive,None,LinkedIn,Low,Yes,Average,Phone,Call,No,Has Questions,Active,None,Present,No,No,No,Frontend developer required - html css js,1
Yes,None,None,No,Yes,None,No,None,No,None,Excellent,1 year,Valid SSL,https://linkedin.example,Good,50,10L,1234567890,Some Address,Yes,Excellent,Yahoo,Active,None,LinkedIn,High,No,Poor,In-Person,Telegram,No,Has Questions,Inactive,None,None,Yes,None,None,Frontend developer required - html css js,1
None,None,None,No,None,No,None,None,Yes,None,Poor,1 year,Valid SSL,https://linkedin.example,Good,50,10L,1234567890,Some Address,No,Poor,Gmail,Active,Few,Naukri,Low,Yes,Poor,In-Person,Email,Yes,Has Questions,Inactive,None,Present,No,No,Yes,Frontend developer required - html css js,0
No,Yes,No,None,None,Yes,None,None,No,No,Average,1 year,Valid SSL,https://linkedin.example,Good,50,10L,1234567890,Some Address,No,Average,Outlook,Active,None,Naukri,High,No,Poor,In-Person,Email,No,Has Questions,Inactive,Positive,Present,No,None,Yes,Job opening in finance. CA preferred. Salary competitive,0
Yes,None,None,No,None,No,None,None,None,None,Excellent,1 year,Valid SSL,https://linkedin.example,Good,50,10L,1234567890,Some Address,No,Excellent,Outlook,Inactive,None,WhatsApp,High,No,Good,Video,Call,No,Has Questions,Inactive,Positive,Present,No,No,None,Looking for software engineer with 2+ years experience in python and django,0
Yes,Yes,No,No,Yes,Yes,Yes,Yes,None,None,Good,1 year,Valid SSL,https://linkedin.example,Good,50,10L,1234567890,Some Address,No,Good,Gmail,Inactive,Few,Indeed,Low,Yes,Good,In-Person,Telegram,No,Has Questions,Active,None,None,No,None,Yes,Urgent requirement for developer. Apply now with resume,1
None,None,None,No,No,None,No,None,Yes,None,Excellent,1 year,Valid SSL,https://linkedin.example,Good,50,10L,1234567890,Some Address,Yes,Excellent,Yahoo,Active,Few,Telegram,Realistic,No,Poor,Video,Telegram,No,Has Questions,Inactive,None,None,Yes,No,Yes,Job opening in finance. CA preferred. Salary competitive,0
None,Yes,Yes,None,Yes,Yes,No,No,None,None,Average,1 year,Valid SSL,https://linkedin.example,Good,50,10L,1234567890,Some Address,Yes,Average,Company Domain,Active,Few,Naukri,Realistic,Yes,Average,None,Telegram,Yes,Has Questions,Inactive,Positive,Present,Yes,None,None,Looking for software engineer with 2+ years experience in python and django,1
No,Yes,None,None,None,Yes,None,Yes,None,No,Good,1 year,Valid SSL,https://linkedin.example,Good,50,10L,1234567890,Some Address,Yes,Good,Yahoo,Active,Many,Naukri,Low,Yes,Poor,None,WhatsApp,No,Has Questions,Inactive,Negative,None,Yes,Yes,None,Hiring marketing executive with good comm skills and sales experience,0
None,None,None,None,None,None,Yes,Yes,None,Yes,Good,1 year,Valid SSL,https://linkedin.example,Good,50,10L,1234567890,Some Address,No,Good,Company Domain,Inactive,Few,WhatsApp,Realistic,No,Poor,Video,WhatsApp,No,Has Questions,Active,Negative,Present,No,Yes,No,Hiring marketing executive with good comm skills and sales experience,1
None,Yes,Yes,No,Yes,None,None,Yes,None,Yes,Poor,1 year,Valid SSL,https://linkedin.example,Good,50,10L,1234567890,Some Address,No,Poor,Outlook,Inactive,Few,Naukri,Low,No,Average,Video,Email,Yes,Has Questions,Inactive,Negative,Present,No,None,Yes,Frontend developer required - html css js,0
Yes,No,None,Yes,No,Yes,Yes,None,No,Yes,Average,1 year,Valid SSL,https://linkedin.example,Good,50,10L,1234567890,Some Address,No,Average,Company Domain,Inactive,Few,Indeed,High,No,Good,Video,WhatsApp,Yes,Has Questions,Inactive,Negative,None,No,None,No,Looking for software engineer with 2+ years experience in python and django,0
No,No,None,Yes,Yes,Yes,Yes,None,None,No,Poor,1 year,Valid SSL,https://linkedin.example,Good,50,10L,1234567890,Some Address,No,Poor,Outlook,Inactive,None,Naukri,High,No,Good,In-Person,Email,Yes,Has Questions,Active,None,Present,No,None,No,Frontend developer required - html css js,1
None,No,None,No,No,Yes,None,None,No,None,Excellent,1 year,Valid SSL,https://linkedin.example,Good,50,10L,1234567890,Some Address,Yes,Excellent,Yahoo,Inactive,None,Naukri,High,Yes,Good,Video,Telegram,No,Has Questions,Inactive,Negative,None,Yes,None,None,Hiring marketing executive with good comm skills and sales experience,0
None,No,None,None,No,None,No,Yes,No,No,Good,1 year,Valid SSL,https://linkedin.example,Good,50,10L,1234567890,Some Address,No,Good,Outlook,Active,Few,Telegram,Realistic,No,Poor,None,Call,Yes,Has Questions,Active,Negative,None,No,None,No,Job opening in finance. CA preferred. Salary competitive,0
Yes,Yes,No,Yes,Yes,Yes,Yes,Yes,None,None,Excellent,1 year,Valid SSL,https://linkedin.example,Good,50,10L,1234567890,Some Address,Yes,Excellent,Outlook,Active,Many,Telegram,Low,No,Good,None,Telegram,Yes,Has Questions,Active,Positive,None,Yes,No,Yes,Hiring marketing executive with good comm skills and sales experience,0
Yes,No,None,No,Yes,No,Yes,None,None,Yes,Good,1 year,Valid SSL,https://linkedin.example,Good,50,10L,1234567890,Some Address,No,Good,Gmail,Inactive,Few,Indeed,High,Yes,Poor,None,Call,Yes,Has Questions,Inactive,None,Present,No,No,None,Looking for software engineer with 2+ years experience in python and django,1
Yes,Yes,No,No,Yes,None,Yes,Yes,Yes,Yes,Excellent,1 year,Valid SSL,https://linkedin.example,Good,50,10L,1234567890,Some Address,No,Excellent,Company Domain,Active,None,Telegram,Low,Yes,Average,Phone,Email,Yes,Has Questions,Inactive,None,Present,No,None,None,Hiring marketing executive with good comm skills and sales experience,1
None,None,Yes,No,None,Yes,Yes,Yes,Yes,Yes,Good,1 year,Valid SSL,https://linkedin.example,Good,50,10L,1234567890,Some Address,No,Good,Gmail,Inactive,None,Naukri,Low,No,Good,Phone,Telegram,No,Has Questions,Inactive,Negative,Present,No,Yes,Yes,Hiring marketing executive with good comm skills and sales experience,0
None,Yes,Yes,Yes,None,No,No,No,Yes,Yes,Average,1 year,Valid SSL,https://linkedin.example,Good,50,10L,1234567890,Some Address,Yes,Average,Outlook,Inactive,None,Naukri,High,No,Average,In-Person,Call,Yes,Has Questions,Active,Negative,None,Yes,None,Yes,Hiring marketing executive with good comm skills and sales experience,1
No,No,None,Yes,No,Yes,Yes,Yes,None,Yes,Good,1 year,Valid SSL,https://linkedin.example,Good,50,10L,1234567890,Some Address,No,Good,Yahoo,Active,None,Indeed,High,Yes,Poor,In-Person,Telegram,No,Has Questions,Inactive,Positive,Present,No,Yes,None,Job opening in finance. CA preferred. Salary competitive,0
None,No,Yes,No,Yes,Yes,No,No,None,None,Average,1 year,Valid SSL,https://linkedin.example,Good,50,10L,1234567890,Some Address,Yes,Average,Yahoo,Active,Many,Naukri,High,Yes,Poor,Phone,Call,No,Has Questions,Inactive,None,Present,Yes,Yes,None,Frontend developer required - html css js,1
None,No,Yes,Yes,Yes,No,No,No,No,Yes,Poor,1 year,Valid SSL,https://linkedin.example,Good,50,10L,1234567890,Some Address,No,Poor,Yahoo,Inactive,Many,Telegram,Realistic,Yes,Good,None,Call,No,Has Questions,Inactive,Negative,None,No,Yes,Yes,Urgent requirement for developer. Apply now with resume,1
No,Yes,None,Yes,None,Yes,Yes,Yes,No,No,Average,1 year,Valid SSL,https://linkedin.example,Good,50,10L,1234567890,Some Address,Yes,Average,Company Domain,Inactive,Few,WhatsApp,Realistic,No,Good,Phone,Telegram,Yes,Has Questions,Inactive,Negative,Present,Yes,Yes,Yes,Frontend developer required - html css js,1
None,Yes,Yes,No,None,No,None,None,Yes,No,Poor,1 year,Valid SSL,https://linkedin.example,Good,50,10L,1234567890,Some Address,No,Poor,Outlook,Active,Few,LinkedIn,Low,Yes,Poor,In-Person,Email,No,Has Questions,Active,Positive,Present,No,No,None,Job opening in finance. CA preferred. Salary competitive,0
None,Yes,Yes,Yes,No,No,No,None,No,No,Good,1 year,Valid SSL,https://linkedin.example,Good,50,10L,1234567890,Some Address,Yes,Good,Gmail,Inactive,Many,Naukri,Realistic,No,Poor,Video,Email,Yes,Has Questions,Active,Negative,Present,Yes,None,Yes,Job opening in finance. CA preferred. Salary competitive,0
Yes,No,No,Yes,None,Yes,No,No,No,No,Poor,1 year,Valid SSL,https://linkedin.example,Good,50,10L,1234567890,Some Address,No,Poor,Gmail,Active,Many,Telegram,Realistic,Yes,Good,In-Person,Email,Yes,Has Questions,Active,None,Present,No,None,None,Looking for software engineer with 2+ years experience in python and django,0
Yes,Yes,No,None,Yes,None,Yes,None,No,Yes,Poor,1 year,Valid SSL,https://linkedin.example,Good,50,10L,1234567890,Some Address,Yes,Poor,Outlook,Active,None,Indeed,Low,No,Poor,None,Call,Yes,Has Questions,Active,Negative,Present,Yes,Yes,None,Job opening in finance. CA preferred. Salary competitive,0
No,Yes,No,Yes,Yes,None,None,Yes,No,No,Good,1 year,Valid SSL,https://linkedin.example,Good,50,10L,1234567890,Some Address,No,Good,Company Domain,Inactive,None,Naukri,Low,No,Poor,In-Person,Call,No,Has Questions,Inactive,None,None,No,Yes,Yes,Hiring marketing executive with good comm skills and sales experience,1
Yes,Yes,None,Yes,No,Yes,No,No,No,None,Excellent,1 year,Valid SSL,https://linkedin.example,Good,50,10L,1234567890,Some Address,Yes,Excellent,Gmail,Active,None,WhatsApp,Realistic,No,Good,In-Person,Telegram,No,Has Questions,Active,Positive,None,Yes,None,None,Urgent requirement for developer. Apply now with resume,0
No,None,No,No,Yes,None,None,No,Yes,None,Excellent,1 year,Valid SSL,https://linkedin.example,Good,50,10L,1234567890,Some Address,No,Excellent,Outlook,Inactive,Few,Telegram,High,No,Good,Phone,WhatsApp,Yes,Has Questions,Inactive,None,Present,No,None,None,Frontend developer required - html css js,1
Yes,None,None,None,None,No,None,None,None,No,Poor,1 year,Valid SSL,https://linkedin.example,Good,50,10L,1234567890,Some Address,No,Poor,Yahoo,Inactive,None,LinkedIn,Low,Yes,Average,Video,WhatsApp,Yes,Has Questions,Active,Negative,None,No,No,Yes,Urgent requirement for developer. Apply now with resume,1
No,None,Yes,No,No,None,Yes,None,No,Yes,Poor,1 year,Valid SSL,https://linkedin.example,Good,50,10L,1234567890,Some Address,Yes,Poor,Gmail,Active,None,WhatsApp,Realistic,No,Good,In-Person,WhatsApp,Yes,Has Questions,Active,None,Present,Yes,No,Yes,Urgent requirement for developer. Apply now with resume,0
No,Yes,No,None,No,Yes,None,No,Yes,No,Poor,1 year,Valid SSL,https://linkedin.example,Good,50,10L,1234567890,Some Address,No,Poor,Company Domain,Active,None,WhatsApp,Realistic,No,Good,Video,Call,Yes,Has Questions,Inactive,Positive,None,No,No,None,Hiring marketing executive with good comm skills and sales experience,1
Yes,None,None,Yes,None,None,None,None,No,Yes,Excellent,1 year,Valid SSL,https://linkedin.example,Good,50,10L,1234567890,Some Address,No,Excellent,Gmail,Active,None,WhatsApp,High,No,Good,In-Person,Telegram,No,Has Questions,Active,Negative,None,No,None,Yes,Looking for software engineer with 2+ years experience in python and django,0
Yes,None,Yes,None,No,Yes,Yes,Yes,No,Yes,Excellent,1 year,Valid SSL,https://linkedin.example,Good,50,10L,1234567890,Some Address,Yes,Excellent,Outlook,Inactive,None,Naukri,Low,No,Average,None,Call,Yes,Has Questions,Inactive,Negative,Present,Yes,No,Yes,Looking for software engineer with 2+ years experience in python and django,1
No,Yes,No,Yes,Yes,None,No,None,No,Yes,Good,1 year,Valid SSL,https://linkedin.example,Good,50,10L,1234567890,Some Address,No,Good,Gmail,Inactive,None,LinkedIn,Realistic,Yes,Good,None,Call,Yes,Has Questions,Inactive,None,Present,No,No,No,Looking for software engineer with 2+ years experience in python and django,0
No,No,None,Yes,No,Yes,No,No,Yes,None,Average,1 year,Valid SSL,https://linkedin.example,Good,50,10L,1234567890,Some Address,No,Average,Yahoo,Active,None,Naukri,Realistic,No,Good,In-Person,WhatsApp,Yes,Has Questions,Active,Positive,Present,No,Yes,Yes,Looking for software engineer with 2+ years experience in python and django,0
Yes,Yes,No,No,No,None,Yes,Yes,Yes,None,Average,1 year,Valid SSL,https://linkedin.example,Good,50,10L,1234567890,Some Address,Yes,Average,Yahoo,Active,Few,Naukri,Low,Yes,Good,None,Telegram,Yes,Has Questions,Inactive,None,Present,Yes,No,None,Urgent requirement for developer. Apply now with resume,0
Yes,No,No,No,No,Yes,None,Yes,Yes,None,Poor,1 year,Valid SSL,https://linkedin.example,Good,50,10L,1234567890,Some Address,Yes,Poor,Gmail,Inactive,Many,LinkedIn,Realistic,Yes,Good,Video,Email,No,Has Questions,Inactive,Positive,None,Yes,None,Yes,Looking for software engineer with 2+ years experience in python and django,1
Yes,No,None,Yes,Yes,No,Yes,None,Yes,No,Excellent,1 year,Valid SSL,https://linkedin.example,Good,50,10L,1234567890,Some Address,No,Excellent,Gmail,Inactive,Few,Naukri,Low,Yes,Average,In-Person,Telegram,Yes,Has Questions,Active,None,Present,No,None,No,Frontend developer required - html css js,1
No,Yes,No,Yes,No,No,None,Yes,None,No,Good,1 year,Valid SSL,https://linkedin.example,Good,50,10L,1234567890,Some Address,No,Good,Gmail,Inactive,Few,Telegram,High,No,Good,Video,Telegram,Yes,Has Questions,Active,None,Present,No,Yes,None,Frontend developer required - html css js,0
None,No,No,Yes,None,None,Yes,No,Yes,No,Poor,1 year,Valid SSL,https://linkedin.example,Good,50,10L,1234567890,Some Address,Yes,Poor,Company Domain,Active,Few,WhatsApp,High,Yes,Average,None,WhatsApp,Yes,Has Questions,Inactive,Negative,Present,Yes,No,None,Looking for software engineer with 2+ years experience in python and django,1
No,No,None,No,Yes,None,None,Yes,No,Yes,Excellent,1 year,Valid SSL,https://linkedin.example,Good,50,10L,1234567890,Some Address,No,Excellent,Gmail,Inactive,Many,Telegram,High,Yes,Good,Video,Call,No,Has Questions,Inactive,Negative,Present,No,No,Yes,Frontend developer required - html css js,1
None,Yes,Yes,None,None,None,No,No,Yes,No,Excellent,1 year,Valid SSL,https://linkedin.example,Good,50,10L,1234567890,Some Address,No,Excellent,Gmail,Inactive,Few,Telegram,Low,Yes,Poor,In-Person,WhatsApp,No,Has Questions,Inactive,None,Present,No,Yes,None,Frontend developer required - html css js,0
No,No,Yes,Yes,None,Yes,None,No,None,None,Excellent,1 year,Valid SSL,https://linkedin.example,Good,50,10L,1234567890,Some Address,Yes,Excellent,Yahoo,Active,Few,Naukri,Realistic,Yes,Poor,In-Person,Email,No,Has Questions,Active,Negative,None,Yes,None,None,Urgent requirement for developer. Apply now with resume,1
No,Yes,None,No,Yes,No,None,Yes,Yes,None,Good,1 year,Valid SSL,https://linkedin.example,Good,50,10L,1234567890,Some Address,No,Good,Outlook,Inactive,Few,Telegram,Realistic,No,Good,In-Person,Call,No,Has Questions,Inactive,Negative,Present,No,None,No,Looking for software engineer with 2+ years experience in python and django,0
None,None,No,No,Yes,None,Yes,None,Yes,None,Average,1 year,Valid SSL,https://linkedin.example,Good,50,10L,1234567890,Some Address,No,Average,Yahoo,Active,Few,LinkedIn,High,No,Poor,Video,Email,Yes,Has Questions,Active,Positive,Present,No,No,None,Frontend developer required - html css js,1
None,No,None,Yes,None,None,Yes,Yes,Yes,None,Poor,1 year,Valid SSL,https://linkedin.example,Good,50,10L,1234567890,Some Address,No,Poor,Company Domain,Inactive,Few,Naukri,Realistic,No,Average,Phone,Telegram,Yes,Has Questions,Inactive,Positive,Present,No,Yes,No,Urgent requirement for developer. Apply now with resume,1
None,Yes,Yes,No,No,No,No,None,Yes,None,Good,1 year,Valid SSL,https://linkedin.example,Good,50,10L,1234567890,Some Address,No,Good,Company Domain,Active,Few,Indeed,Realistic,No,Average,Video,Telegram,Yes,Has Questions,Active,None,None,No,None,None,Hiring marketing executive with good comm skills and sales experience,0
No,None,No,None,No,Yes,Yes,None,Yes,Yes,Average,1 year,Valid SSL,https://linkedin.example,Good,50,10L,1234567890,Some Address,Yes,Average,Yahoo,Inactive,Few,Telegram,High,No,Average,In-Person,Telegram,Yes,Has Questions,Inactive,Positive,Present,Yes,Yes,No,Frontend developer required - html css js,0
Yes,No,None,Yes,Yes,None,No,None,No,No,Excellent,1 year,Valid SSL,https://linkedin.example,Good,50,10L,1234567890,Some Address,Yes,Excellent,Company Domain,Active,Few,WhatsApp,Realistic,Yes,Poor,None,Call,No,Has Questions,Inactive,None,None,Yes,Yes,No,Urgent requirement for developer. Apply now with resume,0
None,No,None,Yes,No,No,Yes,None,None,No,Good,1 year,Valid SSL,https://linkedin.example,Good,50,10L,1234567890,Some Address,Yes,Good,Gmail,Active,None,LinkedIn,High,No,Poor,Video,Telegram,No,Has Questions,Active,Negative,Present,Yes,None,No,Hiring marketing executive with good comm skills and sales experience,0
None,None,No,None,Yes,No,No,No,None,No,Good,1 year,Valid SSL,https://linkedin.example,Good,50,10L,1234567890,Some Address,Yes,Good,Gmail,Active,None,Indeed,Realistic,No,Average,Video,Email,No,Has Questions,Inactive,None,None,Yes,None,Yes,Looking for software engineer with 2+ years experience in python and django,1
Yes,No,Yes,No,Yes,None,None,None,No,No,Poor,1 year,Valid SSL,https://linkedin.example,Good,50,10L,1234567890,Some Address,Yes,Poor,Gmail,Inactive,Few,LinkedIn,High,Yes,Poor,Phone,Call,Yes,Has Questions,Inactive,Negative,None,Yes,Yes,Yes,Frontend developer required - html css js,1
None,None,Yes,None,None,No,Yes,None,None,None,Poor,1 year,Valid SSL,https://linkedin.example,Good,50,10L,1234567890,Some Address,Yes,Poor,Company Domain,Active,Many,LinkedIn,Realistic,No,Poor,Phone,WhatsApp,No,Has Questions,Inactive,Positive,Present,Yes,Yes,Yes,Looking for software engineer with 2+ years experience in python and django,0
No,Yes,Yes,No,None,Yes,None,None,None,None,Poor,1 year,Valid SSL,https://linkedin.example,Good,50,10L,1234567890,Some Address,No,Poor,Yahoo,Inactive,None,LinkedIn,High,Yes,Good,None,WhatsApp,Yes,Has Questions,Inactive,Negative,Present,No,None,No,Hiring marketing executive with good comm skills and sales experience,0
Yes,None,None,Yes,None,None,Yes,Yes,No,None,Average,1 year,Valid SSL,https://linkedin.example,Good,50,10L,1234567890,Some Address,No,Average,Outlook,Inactive,None,Naukri,Low,No,Average,In-Person,Email,No,Has Questions,Active,Negative,Present,No,No,None,Urgent requirement for developer. Apply now with resume,1
None,Yes,None,No,No,None,None,No,Yes,None,Average,1 year,Valid SSL,https://linkedin.example,Good,50,10L,1234567890,Some Address,Yes,Average,Gmail,Active,Many,Telegram,High,Yes,Good,Phone,Telegram,Yes,Has Questions,Inactive,Negative,Present,Yes,None,No,Hiring marketing executive with good comm skills and sales experience,0
None,None,None,None,Yes,None,Yes,No,Yes,No,Average,1 year,Valid SSL,https://linkedin.example,Good,50,10L,1234567890,Some Address,Yes,Average,Company Domain,Inactive,Many,WhatsApp,Realistic,No,Good,Video,Telegram,Yes,Has Questions,Inactive,Positive,Present,Yes,None,None,Looking for software engineer with 2+ years experience in python and django,1
No,No,None,No,Yes,No,No,None,None,Yes,Average,1 year,Valid SSL,https://linkedin.example,Good,50,10L,1234567890,Some Address,Yes,Average,Gmail,Active,Few,Naukri,Realistic,No,Poor,Phone,Telegram,No,Has Questions,Active,Positive,Present,Yes,None,No,Hiring marketing executive with good comm skills and sales experience,1
Yes,No,No,Yes,No,No,No,None,No,Yes,Excellent,1 year,Valid SSL,https://linkedin.example,Good,50,10L,1234567890,Some Address,No,Excellent,Yahoo,Active,None,LinkedIn,Low,No,Average,Video,WhatsApp,Yes,Has Questions,Inactive,Positive,Present,No,Yes,Yes,Frontend developer required - html css js,1
None,Yes,None,Yes,None,Yes,None,No,No,No,Good,1 year,Valid SSL,https://linkedin.example,Good,50,10L,1234567890,Some Address,Yes,Good,Gmail,Inactive,Many,Telegram,Realistic,No,Good,None,Email,No,Has Questions,Inactive,Negative,Present,Yes,Yes,No,Urgent requirement for developer. Apply now with resume,1
No,Yes,No,Yes,Yes,None,None,No,None,None,Excellent,1 year,Valid SSL,https://linkedin.example,Good,50,10L,1234567890,Some Address,No,Excellent,Gmail,Inactive,Many,Indeed,Low,Yes,Poor,In-Person,WhatsApp,No,Has Questions,Inactive,Negative,None,No,None,Yes,Job opening in finance. CA preferred. Salary competitive,0
None,Yes,No,No,Yes,No,None,None,Yes,No,Good,1 year,Valid SSL,https://linkedin.example,Good,50,10L,1234567890,Some Address,No,Good,Gmail,Inactive,Few,Telegram,Realistic,Yes,Average,Phone,Email,No,Has Questions,Active,Positive,None,No,Yes,Yes,Frontend developer required - html css js,1
No,No,No,No,Yes,No,Yes,No,No,None,Poor,1 year,Valid SSL,https://linkedin.example,Good,50,10L,1234567890,Some Address,Yes,Poor,Yahoo,Inactive,Few,Telegram,Realistic,Yes,Poor,None,Email,No,Has Questions,Active,None,None,Yes,Yes,No,Frontend developer required - html css js,1
No,Yes,Yes,Yes,None,Yes,None,None,None,None,Poor,1 year,Valid SSL,https://linkedin.example,Good,50,10L,1234567890,Some Address,No,Poor,Outlook,Inactive,Few,WhatsApp,Realistic,Yes,Good,Video,Email,Yes,Has Questions,Active,Positive,None,No,No,No,Job opening in finance. CA preferred. Salary competitive,0
No,None,None,Yes,None,No,Yes,Yes,Yes,No,Excellent,1 year,Valid SSL,https://linkedin.example,Good,50,10L,1234567890,Some Address,No,Excellent,Outlook,Inactive,Few,Telegram,Low,Yes,Good,Phone,Call,No,Has Questions,Inactive,Positive,Present,No,No,None,Hiring marketing executive with good comm skills and sales experience,0
Yes,None,No,No,None,No,Yes,None,Yes,None,Average,1 year,Valid SSL,https://linkedin.example,Good,50,10L,1234567890,Some Address,No,Average,Gmail,Inactive,None,Naukri,Low,Yes,Good,Video,Call,Yes,Has Questions,Active,Negative,Present,No,None,No,Job opening in finance. CA preferred. Salary competitive,0
Yes,Yes,No,None,Yes,None,No,Yes,None,No,Average,1 year,Valid SSL,https://linkedin.example,Good,50,10L,1234567890,Some Address,Yes,Average,Yahoo,Inactive,Many,Telegram,Low,No,Poor,Phone,Telegram,Yes,Has Questions,Inactive,Positive,None,Yes,Yes,Yes,Looking for software engineer with 2+ years experience in python and django,0
None,None,No,None,Yes,None,No,None,None,Yes,Good,1 year,Valid SSL,https://linkedin.example,Good,50,10L,1234567890,Some Address,Yes,Good,Gmail,Active,Few,LinkedIn,Realistic,Yes,Average,Video,Email,Yes,Has Questions,Active,None,None,Yes,No,No,Urgent requirement for developer. Apply now with resume,0
No,Yes,Yes,No,Yes,No,Yes,Yes,None,None,Excellent,1 year,Valid SSL,https://linkedin.example,Good,50,10L,1234567890,Some Address,No,Excellent,Yahoo,Active,None,Naukri,Realistic,Yes,Average,None,Telegram,Yes,Has Questions,Active,Negative,Present,No,No,None,Frontend developer required - html css js,0
Yes,Yes,Yes,Yes,Yes,No,None,None,Yes,No,Average,1 year,Valid SSL,https://linkedin.example,Good,50,10L,1234567890,Some Address,No,Average,Yahoo,Inactive,Few,Naukri,High,Yes,Poor,None,WhatsApp,No,Has Questions,Inactive,None,None,No,No,Yes,Urgent requirement for developer. Apply now with resume,1
None,Yes,None,Yes,No,No,No,No,Yes,No,Poor,1 year,Valid SSL,https://linkedin.example,Good,50,10L,1234567890,Some Address,Yes,Poor,Gmail,Active,Many,LinkedIn,High,Yes,Poor,Video,Telegram,No,Has Questions,Inactive,None,Present,Yes,No,Yes,Looking for software engineer with 2+ years experience in python and django,0
No,None,None,No,None,Yes,No,Yes,None,None,Excellent,1 year,Valid SSL,https://linkedin.example,Good,50,10L,1234567890,Some Address,Yes,Excellent,Outlook,Inactive,Many,WhatsApp,Realistic,No,Poor,Video,Call,Yes,Has Questions,Active,None,None,Yes,No,None,Urgent requirement for developer. Apply now with resume,0
None,No,None,Yes,None,No,No,Yes,None,Yes,Excellent,1 year,Valid SSL,https://linkedin.example,Good,50,10L,1234567890,Some Address,Yes,Excellent,Company Domain,Inactive,None,Naukri,Realistic,No,Poor,Video,Email,Yes,Has Questions,Active,Positive,Present,Yes,Yes,No,Urgent requirement for developer. Apply now with resume,0
No,None,Yes,None,No,Yes,No,None,None,No,Average,1 year,Valid SSL,https://linkedin.example,Good,50,10L,1234567890,Some Address,Yes,Average,Yahoo,Active,None,Telegram,Realistic,No,Average,Video,Email,Yes,Has Questions,Inactive,Positive,Present,Yes,No,Yes,Hiring marketing executive with good comm skills and sales experience,0
None,None,None,No,None,No,Yes,None,None,No,Excellent,1 year,Valid SSL,https://linkedin.example,Good,50,10L,1234567890,Some Address,Yes,Excellent,Gmail,Inactive,None,LinkedIn,Realistic,No,Average,Video,Call,Yes,Has Questions,Active,Positive,Present,Yes,No,None,Job opening in finance. CA preferred. Salary competitive,0
Yes,Yes,None,No,Yes,Yes,None,None,No,None,Excellent,1 year,Valid SSL,https://linkedin.example,Good,50,10L,1234567890,Some Address,Yes,Excellent,Yahoo,Inactive,Few,WhatsApp,High,Yes,Good,None,WhatsApp,No,Has Questions,Active,Negative,Present,Yes,None,Yes,Job opening in finance. CA preferred. Salary competitive,1
No,None,Yes,None,Yes,Yes,No,No,Yes,Yes,Good,1 year,Valid SSL,https://linkedin.example,Good,50,10L,1234567890,Some Address,Yes,Good,Yahoo,Inactive,Many,WhatsApp,Low,No,Average,Phone,Telegram,No,Has Questions,Inactive,Negative,None,Yes,None,None,Urgent requirement for developer. Apply now with resume,0
No,No,None,None,Yes,Yes,No,Yes,No,No,Good,1 year,Valid SSL,https://linkedin.example,Good,50,10L,1234567890,Some Address,Yes,Good,Company Domain,Active,Few,LinkedIn,Low,Yes,Poor,None,Email,Yes,Has Questions,Active,Positive,Present,Yes,No,None,Urgent requirement for developer. Apply now with resume,0
None,None,No,Yes,Yes,Yes,Yes,No,None,Yes,Good,1 year,Valid SSL,https://linkedin.example,Good,50,10L,1234567890,Some Address,No,Good,Company Domain,Active,Many,Telegram,Low,No,Good,Video,Email,Yes,Has Questions,Inactive,None,None,No,Yes,None,Frontend developer required - html css js,0
None,None,Yes,None,Yes,None,Yes,None,Yes,None,Average,1 year,Valid SSL,https://linkedin.example,Good,50,10L,1234567890,Some Address,No,Average,Outlook,Active,None,WhatsApp,Low,No,Good,Phone,Call,Yes,Has Questions,Active,None,None,No,Yes,No,Hiring marketing executive with good comm skills and sales experience,1
Yes,None,None,None,Yes,No,Yes,Yes,No,No,Average,1 year,Valid SSL,https://linkedin.example,Good,50,10L,1234567890,Some Address,No,Average,Gmail,Active,None,Indeed,Low,Yes,Poor,Video,Telegram,Yes,Has Questions,Inactive,None,None,No,Yes,Yes,Looking for software engineer with 2+ years experience in python and django,0
No,None,Yes,No,None,No,No,No,No,No,Poor,1 year,Valid SSL,https://linkedin.example,Good,50,10L,1234567890,Some Address,No,Poor,Company Domain,Inactive,None,Indeed,Low,Yes,Good,In-Person,Email,No,Has Questions,Active,None,None,No,None,No,Job opening in finance. CA preferred. Salary competitive,1
Yes,None,None,No,None,Yes,No,None,Yes,No,Excellent,1 year,Valid SSL,https://linkedin.example,Good,50,10L,1234567890,Some Address,Yes,Excellent,Gmail,Active,Many,LinkedIn,Realistic,Yes,Poor,Phone,Email,Yes,Has Questions,Active,Negative,Present,Yes,None,No,Looking for software engineer with 2+ years experience in python and django,1
Yes,Yes,Yes,Yes,None,No,None,Yes,None,No,Excellent,1 year,Valid SSL,https://linkedin.example,Good,50,10L,1234567890,Some Address,Yes,Excellent,Outlook,Inactive,Many,LinkedIn,High,Yes,Average,Video,Call,No,Has Questions,Inactive,Positive,None,Yes,None,Yes,Job opening in finance. CA preferred. Salary competitive,0
No,None,Yes,None,None,Yes,No,No,Yes,Yes,Poor,1 year,Valid SSL,https://linkedin.example,Good,50,10L,1234567890,Some Address,No,Poor,Yahoo,Inactive,Few,Telegram,Low,Yes,Average,Phone,Telegram,Yes,Has Questions,Active,Negative,None,No,No,Yes,Job opening in finance. CA preferred. Salary competitive,1
None,None,None,No,No,None,No,No,None,None,Excellent,1 year,Valid SSL,https://linkedin.example,Good,50,10L,1234567890,Some Address,Yes,Excellent,Yahoo,Inactive,None,WhatsApp,High,No,Good,In-Person,Email,Yes,Has Questions,Active,Negative,None,Yes,Yes,None,Urgent requirement for developer. Apply now with resume,1
Yes,No,No,No,None,Yes,Yes,None,None,No,Poor,1 year,Valid SSL,https://linkedin.example,Good,50,10L,1234567890,Some Address,No,Poor,Yahoo,Active,None,WhatsApp,Low,Yes,Average,None,Telegram,Yes,Has Questions,Active,Negative,Present,No,None,None,Job opening in finance. CA preferred. Salary competitive,1
No,None,Yes,None,No,No,No,None,Yes,None,Poor,1 year,Valid SSL,https://linkedin.example,Good,50,10L,1234567890,Some Address,No,Poor,Gmail,Active,None,WhatsApp,Realistic,Yes,Average,In-Person,Telegram,No,Has Questions,Inactive,Negative,None,No,Yes,No,Frontend developer required - html css js,0
Yes,No,None,None,No,No,No,None,None,No,Average,1 year,Valid SSL,https://linkedin.example,Good,50,10L,1234567890,Some Address,No,Average,Gmail,Inactive,Few,WhatsApp,Low,No,Good,Video,Telegram,Yes,Has Questions,Inactive,None,None,No,No,No,Job opening in finance. CA preferred. Salary competitive,1
No,None,None,Yes,No,Yes,Yes,No,None,Yes,Average,1 year,Valid SSL,https://linkedin.example,Good,50,10L,1234567890,Some Address,Yes,Average,Gmail,Inactive,None,LinkedIn,High,No,Poor,Video,WhatsApp,Yes,Has Questions,Active,Negative,Present,Yes,None,Yes,Frontend developer required - html css js,1
Yes,No,No,None,None,None,None,No,No,None,Average,1 year,Valid SSL,https://linkedin.example,Good,50,10L,1234567890,Some Address,Yes,Average,Outlook,Inactive,Many,LinkedIn,High,No,Average,Video,Telegram,Yes,Has Questions,Active,Positive,None,Yes,None,None,Frontend developer required - html css js,0
No,None,Yes,Yes,Yes,None,Yes,No,Yes,None,Average,1 year,Valid SSL,https://linkedin.example,Good,50,10L,1234567890,Some Address,Yes,Average,Outlook,Active,Few,LinkedIn,Low,Yes,Poor,None,Email,No,Has Questions,Inactive,Negative,None,Yes,None,Yes,Urgent requirement for developer. Apply now with resume,1
None,None,No,None,Yes,None,None,Yes,None,None,Good,1 year,Valid SSL,https://linkedin.example,Good,50,10L,1234567890,Some Address,No,Good,Gmail,Active,None,Naukri,High,Yes,Poor,Phone,WhatsApp,Yes,Has Questions,Active,Positive,Present,No,No,No,Frontend developer required - html css js,1
No,Yes,No,No,Yes,None,None,Yes,Yes,Yes,Good,1 year,Valid SSL,https://linkedin.example,Good,50,10L,1234567890,Some Address,Yes,Good,Gmail,Inactive,Many,Naukri,Realistic,No,Average,None,Call,No,Has Questions,Inactive,Negative,None,Yes,None,Yes,Job opening in finance. CA preferred. Salary competitive,1
No,No,No,Yes,No,No,No,None,Yes,None,Poor,1 year,Valid SSL,https://linkedin.example,Good,50,10L,1234567890,Some Address,No,Poor,Yahoo,Active,Many,Telegram,Low,No,Average,In-Person,Telegram,No,Has Questions,Active,None,Present,No,Yes,No,Job opening in finance. CA preferred. Salary competitive,1
None,None,No,None,Yes,None,No,Yes,No,Yes,Average,1 year,Valid SSL,https://linkedin.example,Good,50,10L,1234567890,Some Address,Yes,Average,Yahoo,Inactive,Many,LinkedIn,Low,No,Good,Video,Email,Yes,Has Questions,Inactive,Negative,None,Yes,No,None,Frontend developer required - html css js,0
No,Yes,No,Yes,No,Yes,Yes,None,None,No,Poor,1 year,Valid SSL,https://linkedin.example,Good,50,10L,1234567890,Some Address,Yes,Poor,Gmail,Active,Many,WhatsApp,High,No,Poor,None,Call,Yes,Has Questions,Inactive,Negative,None,Yes,None,No,Frontend developer required - html css js,0
None,None,No,No,None,None,None,None,None,Yes,Average,1 year,Valid SSL,https://linkedin.example,Good,50,10L,1234567890,Some Address,Yes,Average,Gmail,Inactive,Many,Naukri,High,No,Average,Phone,Call,Yes,Has Questions,Inactive,Negative,Present,Yes,Yes,No,Hiring marketing executive with good comm skills and sales experience,0
Yes,None,Yes,None,No,No,No,None,Yes,Yes,Poor,1 year,Valid SSL,https://linkedin.example,Good,50,10L,1234567890,Some Address,No,Poor,Yahoo,Inactive,None,Indeed,Low,No,Poor,Phone,WhatsApp,Yes,Has Questions,Inactive,Negative,Present,No,None,Yes,Job opening in finance. CA preferred. Salary competitive,1
None,Yes,No,No,Yes,None,Yes,No,No,None,Average,1 year,Valid SSL,https://linkedin.example,Good,50,10L,1234567890,Some Address,No,Average,Yahoo,Active,Many,WhatsApp,Low,No,Poor,Video,Call,No,Has Questions,Active,None,Present,No,No,None,Hiring marketing executive with good comm skills and sales experience,0
Yes,No,No,Yes,No,None,No,Yes,None,Yes,Average,1 year,Valid SSL,https://linkedin.example,Good,50,10L,1234567890,Some Address,No,Average,Yahoo,Active,None,LinkedIn,Realistic,No,Average,In-Person,Telegram,Yes,Has Questions,Inactive,Positive,None,No,Yes,No,Frontend developer required - html css js,0
No,Yes,Yes,None,No,Yes,No,No,No,No,Excellent,1 year,Valid SSL,https://linkedin.example,Good,50,10L,1234567890,Some Address,Yes,Excellent,Outlook,Active,Many,Naukri,Low,Yes,Poor,None,Email,No,Has Questions,Inactive,Negative,None,Yes,Yes,Yes,Frontend developer required - html css js,0
No,No,No,Yes,None,No,None,None,No,None,Excellent,1 year,Valid SSL,https://linkedin.example,Good,50,10L,1234567890,Some Address,No,Excellent,Outlook,Inactive,Many,LinkedIn,High,Yes,Average,None,Telegram,No,Has Questions,Active,None,Present,No,None,No,Hiring marketing executive with good comm skills and sales experience,0
None,Yes,No,None,Yes,Yes,None,Yes,No,No,Average,1 year,Valid SSL,https://linkedin.example,Good,50,10L,1234567890,Some Address,Yes,Average,Gmail,Inactive,None,WhatsApp,Low,Yes,Poor,Video,Call,Yes,Has Questions,Active,Negative,Present,Yes,Yes,None,Looking for software engineer with 2+ years experience in python and django,0
No,No,Yes,Yes,Yes,None,No,Yes,Yes,Yes,Poor,1 year,Valid SSL,https://linkedin.example,Good,50,10L,1234567890,Some Address,Yes,Poor,Yahoo,Inactive,None,LinkedIn,Realistic,Yes,Poor,Video,Email,No,Has Questions,Active,Negative,Present,Yes,No,No,Looking for software engineer with 2+ years experience in python and django,1
No,None,No,No,None,No,None,No,No,Yes,Good,1 year,Valid SSL,https://linkedin.example,Good,50,10L,1234567890,Some Address,Yes,Good,Gmail,Active,None,WhatsApp,Realistic,Yes,Good,Video,WhatsApp,Yes,Has Questions,Inactive,Negative,None,Yes,No,No,Looking for software engineer with 2+ years experience in python and django,1
None,Yes,None,None,No,No,No,Yes,None,No,Excellent,1 year,Valid SSL,https://linkedin.example,Good,50,10L,1234567890,Some Address,No,Excellent,Company Domain,Inactive,None,WhatsApp,Low,Yes,Average,None,Call,Yes,Has Questions,Inactive,None,None,No,None,None,Hiring marketing executive with good comm skills and sales experience,0
Yes,None,No,None,No,None,Yes,No,None,Yes,Excellent,1 year,Valid SSL,https://linkedin.example,Good,50,10L,1234567890,Some Address,Yes,Excellent,Outlook,Active,Many,Telegram,High,No,Poor,In-Person,Email,No,Has Questions,Inactive,Positive,None,Yes,No,None,Frontend developer required - html css js,0
No,No,Yes,No,No,No,No,Yes,Yes,None,Average,1 year,Valid SSL,https://linkedin.example,Good,50,10L,1234567890,Some Address,Yes,Average,Yahoo,Active,None,WhatsApp,Realistic,Yes,Good,In-Person,WhatsApp,Yes,Has Questions,Inactive,None,Present,Yes,None,No,Looking for software engineer with 2+ years experience in python and django,0
Yes,No,Yes,None,None,None,No,No,None,Yes,Average,1 year,Valid SSL,https://linkedin.example,Good,50,10L,1234567890,Some Address,No,Average,Yahoo,Active,Few,Indeed,Low,No,Poor,Video,Email,No,Has Questions,Inactive,Positive,None,No,No,No,Hiring marketing executive with good comm skills and sales experience,0
Yes,No,None,None,No,Yes,None,None,Yes,Yes,Good,1 year,Valid SSL,https://linkedin.example,Good,50,10L,1234567890,Some Address,No,Good,Yahoo,Inactive,Few,Indeed,Low,Yes,Poor,Video,Email,Yes,Has Questions,Active,Negative,None,No,Yes,Yes,Urgent requirement for developer. Apply now with resume,0
None,None,No,None,No,None,Yes,No,No,None,Excellent,1 year,Valid SSL,https://linkedin.example,Good,50,10L,1234567890,Some Address,Yes,Excellent,Outlook,Active,Many,Naukri,High,Yes,Good,None,Email,No,Has Questions,Active,None,None,Yes,Yes,Yes,Frontend developer required - html css js,1
Yes,Yes,Yes,Yes,Yes,Yes,None,None,None,None,Excellent,1 year,Valid SSL,https://linkedin.example,Good,50,10L,1234567890,Some Address,No,Excellent,Company Domain,Inactive,Few,Telegram,Low,No,Average,None,Telegram,No,Has Questions,Inactive,None,None,No,Yes,Yes,Hiring marketing executive with good comm skills and sales experience,1
No,No,None,Yes,None,None,Yes,None,No,Yes,Poor,1 year,Valid SSL,https://linkedin.example,Good,50,10L,1234567890,Some Address,No,Poor,Gmail,Active,Few,WhatsApp,Low,Yes,Average,None,Telegram,No,Has Questions,Active,None,Present,No,No,Yes,Hiring marketing executive with good comm skills and sales experience,0
Yes,None,None,Yes,Yes,None,No,Yes,No,None,Excellent,1 year,Valid SSL,https://linkedin.example,Good,50,10L,1234567890,Some Address,No,Excellent,Gmail,Active,Many,Telegram,High,Yes,Good,In-Person,WhatsApp,Yes,Has Questions,Active,Negative,Present,No,None,No,Job opening in finance. CA preferred. Salary competitive,0
None,Yes,No,Yes,None,None,Yes,No,None,Yes,Poor,1 year,Valid SSL,https://linkedin.example,Good,50,10L,1234567890,Some Address,No,Poor,Yahoo,Active,None,LinkedIn,Low,No,Good,None,Email,No,Has Questions,Inactive,Positive,None,No,None,Yes,Hiring marketing executive with good comm skills and sales experience,1
No,No,None,No,No,No,No,Yes,Yes,No,Good,1 year,Valid SSL,https://linkedin.example,Good,50,10L,1234567890,Some Address,Yes,Good,Outlook,Inactive,Few,LinkedIn,High,No,Good,Video,Call,No,Has Questions,Active,None,Present,Yes,No,Yes,Job opening in finance. CA preferred. Salary competitive,1
None,Yes,No,None,No,No,Yes,Yes,Yes,None,Average,1 year,Valid SSL,https://linkedin.example,Good,50,10L,1234567890,Some Address,Yes,Average,Gmail,Inactive,Few,WhatsApp,Realistic,No,Good,Video,Call,No,Has Questions,Active,None,None,Yes,No,None,Looking for software engineer with 2+ years experience in python and django,0
No,None,None,Yes,None,No,Yes,None,Yes,None,Good,1 year,Valid SSL,https://linkedin.example,Good,50,10L,1234567890,Some Address,Yes,Good,Gmail,Active,None,Indeed,Realistic,Yes,Good,None,Telegram,No,Has Questions,Active,Negative,None,Yes,No,None,Urgent requirement for developer. Apply now with resume,0
No,Yes,None,None,None,No,None,None,No,No,Good,1 year,Valid SSL,https://linkedin.example,Good,50,10L,1234567890,Some Address,Yes,Good,Company Domain,Inactive,Many,Indeed,High,No,Poor,In-Person,Email,No,Has Questions,Inactive,Negative,None,Yes,No,No,Looking for software engineer with 2+ years experience in python and django,1
Yes,Yes,None,No,None,No,Yes,No,Yes,None,Excellent,1 year,Valid SSL,https://linkedin.example,Good,50,10L,1234567890,Some Address,No,Excellent,Yahoo,Active,None,LinkedIn,Low,Yes,Good,Phone,Telegram,Yes,Has Questions,Inactive,None,None,No,Yes,Yes,Urgent requirement for developer. Apply now with resume,0
Yes,Yes,Yes,No,No,No,None,No,No,No,Excellent,1 year,Valid SSL,https://linkedin.example,Good,50,10L,1234567890,Some Address,No,Excellent,Yahoo,Active,None,LinkedIn,Realistic,No,Average,In-Person,Call,Yes,Has Questions,Inactive,None,Present,No,None,No,Hiring marketing executive with good comm skills and sales experience,0
None,None,No,Yes,No,None,Yes,Yes,Yes,None,Average,1 year,Valid SSL,https://linkedin.example,Good,50,10L,1234567890,Some Address,No,Average,Outlook,Active,Many,LinkedIn,Realistic,No,Good,Phone,Call,No,Has Questions,Active,Positive,Present,No,None,Yes,Frontend developer required - html css js,0
None,Yes,No,No,None,None,None,No,Yes,No,Poor,1 year,Valid SSL,https://linkedin.example,Good,50,10L,1234567890,Some Address,Yes,Poor,Company Domain,Inactive,Many,WhatsApp,High,Yes,Poor,In-Person,WhatsApp,Yes,Has Questions,Active,Negative,None,Yes,Yes,None,Looking for software engineer with 2+ years experience in python and django,0
Yes,Yes,None,Yes,None,No,Yes,No,Yes,No,Poor,1 year,Valid SSL,https://linkedin.example,Good,50,10L,1234567890,Some Address,No,Poor,Company Domain,Active,None,Indeed,Realistic,No,Poor,Video,Email,Yes,Has Questions,Active,Negative,Present,No,None,None,Looking for software engineer with 2+ years experience in python and django,0
None,Yes,None,Yes,No,Yes,Yes,Yes,Yes,Yes,Excellent,1 year,Valid SSL,https://linkedin.example,Good,50,10L,1234567890,Some Address,Yes,Excellent,Gmail,Inactive,Few,Telegram,Low,Yes,Good,None,Call,No,Has Questions,Inactive,None,None,Yes,Yes,Yes,Hiring marketing executive with good comm skills and sales experience,0
No,None,No,None,Yes,None,No,No,No,None,Good,1 year,Valid SSL,https://linkedin.example,Good,50,10L,1234567890,Some Address,Yes,Good,Gmail,Active,Few,Telegram,High,No,Poor,Video,WhatsApp,Yes,Has Questions,Active,Negative,Present,Yes,Yes,Yes,Looking for software engineer with 2+ years experience in python and django,0
None,None,Yes,None,None,None,None,None,No,None,Good,1 year,Valid SSL,https://linkedin.example,Good,50,10L,1234567890,Some Address,Yes,Good,Yahoo,Inactive,Few,Naukri,High,No,Average,Video,Call,Yes,Has Questions,Inactive,Negative,Present,Yes,No,No,Job opening in finance. CA preferred. Salary competitive,1
None,No,No,None,None,None,No,None,None,No,Poor,1 year,Valid SSL,https://linkedin.example,Good,50,10L,1234567890,Some Address,No,Poor,Gmail,Inactive,Many,LinkedIn,Realistic,No,Poor,None,Call,Yes,Has Questions,Active,Negative,None,No,None,No,Job opening in finance. CA preferred. Salary competitive,0
None,No,None,None,Yes,No,Yes,No,None,None,Poor,1 year,Valid SSL,https://linkedin.example,Good,50,10L,1234567890,Some Address,No,Poor,Gmail,Inactive,None,Naukri,Low,Yes,Good,Video,Email,Yes,Has Questions,Inactive,Negative,None,No,None,Yes,Urgent requirement for developer. Apply now with resume,0
No,No,No,Yes,Yes,No,Yes,No,No,Yes,Average,1 year,Valid SSL,https://linkedin.example,Good,50,10L,1234567890,Some Address,Yes,Average,Outlook,Inactive,Many,Indeed,Realistic,No,Good,None,Telegram,Yes,Has Questions,Active,None,Present,Yes,Yes,No,Hiring marketing executive with good comm skills and sales experience,0
None,None,No,No,Yes,None,None,No,Yes,None,Poor,1 year,Valid SSL,https://linkedin.example,Good,50,10L,1234567890,Some Address,Yes,Poor,Outlook,Inactive,Few,WhatsApp,High,Yes,Poor,None,WhatsApp,No,Has Questions,Inactive,Negative,Present,Yes,No,Yes,Job opening in finance. CA preferred. Salary competitive,1
Yes,No,None,Yes,None,Yes,Yes,Yes,None,No,Poor,1 year,Valid SSL,https://linkedin.example,Good,50,10L,1234567890,Some Address,No,Poor,Yahoo,Active,None,WhatsApp,Low,No,Good,Phone,Email,No,Has Questions,Active,None,None,No,None,Yes,Frontend developer required - html css js,0
None,Yes,None,None,No,Yes,Yes,Yes,None,None,Good,1 year,Valid SSL,https://linkedin.example,Good,50,10L,1234567890,Some Address,No,Good,Yahoo,Inactive,None,Telegram,Low,No,Good,Video,WhatsApp,Yes,Has Questions,Inactive,Positive,None,No,Yes,Yes,Hiring marketing executive with good comm skills and sales experience,1
Yes,None,None,Yes,Yes,Yes,None,None,Yes,Yes,Average,1 year,Valid SSL,https://linkedin.example,Good,50,10L,1234567890,Some Address,No,Average,Gmail,Inactive,Many,LinkedIn,Low,Yes,Average,In-Person,Email,No,Has Questions,Inactive,Negative,Present,No,Yes,No,Frontend developer required - html css js,0
None,No,Yes,Yes,None,Yes,No,None,No,No,Average,1 year,Valid SSL,https://linkedin.example,Good,50,10L,1234567890,Some Address,Yes,Average,Gmail,Active,Many,Naukri,Realistic,No,Average,In-Person,Call,No,Has Questions,Inactive,Positive,None,Yes,No,None,Job opening in finance. CA preferred. Salary competitive,0
Yes,Yes,None,Yes,Yes,No,Yes,None,Yes,None,Good,1 year,Valid SSL,https://linkedin.example,Good,50,10L,1234567890,Some Address,No,Good,Gmail,Active,Many,Indeed,Realistic,No,Poor,Phone,WhatsApp,No,Has Questions,Active,Negative,None,No,No,Yes,Looking for software engineer with 2+ years experience in python and django,0
None,None,None,None,No,No,None,No,Yes,None,Poor,1 year,Valid SSL,https://linkedin.example,Good,50,10L,1234567890,Some Address,No,Poor,Gmail,Active,Few,Naukri,Realistic,Yes,Good,In-Person,Email,Yes,Has Questions,Inactive,Negative,None,No,Yes,Yes,Hiring marketing executive with good comm skills and sales experience,0
Yes,Yes,Yes,None,None,No,No,None,Yes,No,Excellent,1 year,Valid SSL,https://linkedin.example,Good,50,10L,1234567890,Some Address,No,Excellent,Yahoo,Active,Few,WhatsApp,High,Yes,Good,None,Call,No,Has Questions,Inactive,Negative,Present,No,No,None,Urgent requirement for developer. Apply now with resume,0
None,No,None,Yes,No,Yes,None,Yes,No,None,Average,1 year,Valid SSL,https://linkedin.example,Good,50,10L,1234567890,Some Address,Yes,Average,Gmail,Inactive,Many,WhatsApp,High,Yes,Poor,None,Call,Yes,Has Questions,Inactive,Negative,Present,Yes,No,None,Urgent requirement for developer. Apply now with resume,1
No,No,Yes,Yes,None,No,None,No,Yes,Yes,Poor,1 year,Valid SSL,https://linkedin.example,Good,50,10L,1234567890,Some Address,No,Poor,Yahoo,Active,None,WhatsApp,Realistic,Yes,Good,In-Person,Call,No,Has Questions,Active,Negative,Present,No,Yes,Yes,Frontend developer required - html css js,0
No,Yes,No,None,Yes,No,None,None,None,Yes,Excellent,1 year,Valid SSL,https://linkedin.example,Good,50,10L,1234567890,Some Address,No,Excellent,Outlook,Inactive,None,WhatsApp,Realistic,No,Good,Phone,Telegram,Yes,Has Questions,Inactive,None,None,No,Yes,None,Urgent requirement for developer. Apply now with resume,0
Yes,Yes,None,No,No,None,Yes,Yes,None,No,Poor,1 year,Valid SSL,https://linkedin.example,Good,50,10L,1234567890,Some Address,No,Poor,Company Domain,Inactive,Many,LinkedIn,Low,No,Poor,In-Person,Call,Yes,Has Questions,Active,Negative,None,No,Yes,Yes,Looking for software engineer with 2+ years experience in python and django,0
No,No,No,Yes,None,None,No,Yes,No,No,Poor,1 year,Valid SSL,https://linkedin.example,Good,50,10L,1234567890,Some Address,No,Poor,Yahoo,Inactive,Many,LinkedIn,High,Yes,Average,In-Person,Telegram,Yes,Has Questions,Inactive,Positive,Present,No,Yes,Yes,Hiring marketing executive with good comm skills and sales experience,0
Yes,None,Yes,No,No,Yes,None,None,None,No,Excellent,1 year,Valid SSL,https://linkedin.example,Good,50,10L,1234567890,Some Address,No,Excellent,Gmail,Active,Few,LinkedIn,Realistic,Yes,Good,Video,Email,Yes,Has Questions,Inactive,None,None,No,None,Yes,Looking for software engineer with 2+ years experience in python and django,0
None,Yes,No,Yes,None,Yes,No,None,No,No,Good,1 year,Valid SSL,https://linkedin.example,Good,50,10L,1234567890,Some Address,Yes,Good,Gmail,Active,Many,WhatsApp,High,No,Good,Phone,Telegram,Yes,Has Questions,Inactive,None,Present,Yes,Yes,None,Job opening in finance. CA preferred. Salary competitive,1
None,Yes,No,Yes,No,No,Yes,Yes,No,Yes,Average,1 year,Valid SSL,https://linkedin.example,Good,50,10L,1234567890,Some Address,No,Average,Company Domain,Active,None,WhatsApp,Low,Yes,Poor,In-Person,Telegram,No,Has Questions,Active,Negative,Present,No,None,No,Frontend developer required - html css js,0
Yes,Yes,None,None,Yes,None,Yes,None,None,None,Average,1 year,Valid SSL,https://linkedin.example,Good,50,10L,1234567890,Some Address,Yes,Average,Yahoo,Inactive,None,LinkedIn,Low,Yes,Average,Phone,Email,Yes,Has Questions,Active,Negative,Present,Yes,Yes,None,Frontend developer required - html css js,1
Yes,None,Yes,None,None,No,Yes,None,None,Yes,Poor,1 year,Valid SSL,https://linkedin.example,Good,50,10L,1234567890,Some Address,Yes,Poor,Gmail,Active,Many,LinkedIn,Realistic,No,Good,Video,Telegram,No,Has Questions,Inactive,None,Present,Yes,None,No,Frontend developer required - html css js,0
No,None,Yes,Yes,None,No,Yes,No,Yes,None,Excellent,1 year,Valid SSL,https://linkedin.example,Good,50,10L,1234567890,Some Address,No,Excellent,Outlook,Active,Many,Telegram,Low,Yes,Poor,Video,Email,No,Has Questions,Inactive,None,None,No,Yes,Yes,Hiring marketing executive with good comm skills and sales experience,1
Yes,None,Yes,No,Yes,Yes,No,No,Yes,No,Excellent,1 year,Valid SSL,https://linkedin.example,Good,50,10L,1234567890,Some Address,No,Excellent,Gmail,Inactive,Many,Naukri,High,Yes,Good,In-Person,WhatsApp,No,Has Questions,Active,Negative,Present,No,No,None,Frontend developer required - html css js,0
No,Yes,None,No,Yes,None,No,No,Yes,Yes,Good,1 year,Valid SSL,https://linkedin.example,Good,50,10L,1234567890,Some Address,Yes,Good,Outlook,Active,Many,WhatsApp,High,Yes,Poor,None,WhatsApp,No,Has Questions,Inactive,Negative,None,Yes,None,None,Hiring marketing executive with good comm skills and sales experience,0
None,None,None,Yes,None,None,None,Yes,No,Yes,Excellent,1 year,Valid SSL,https://linkedin.example,Good,50,10L,1234567890,Some Address,Yes,Excellent,Company Domain,Inactive,None,Indeed,Low,Yes,Average,Video,WhatsApp,No,Has Questions,Active,Positive,None,Yes,None,No,Job opening in finance. CA preferred. Salary competitive,0
Yes,Yes,No,Yes,Yes,None,Yes,Yes,No,Yes,Poor,1 year,Valid SSL,https://linkedin.example,Good,50,10L,1234567890,Some Address,Yes,Poor,Outlook,Inactive,Many,Telegram,Low,Yes,Good,Video,Call,No,Has Questions,Inactive,None,None,Yes,None,Yes,Job opening in finance. CA preferred. Salary competitive,0
Yes,No,None,Yes,Yes,Yes,Yes,None,Yes,None,Average,1 year,Valid SSL,https://linkedin.example,Good,50,10L,1234567890,Some Address,No,Average,Company Domain,Active,Many,Telegram,Realistic,No,Average,Video,WhatsApp,No,Has Questions,Active,Negative,None,No,Yes,Yes,Frontend developer required - html css js,0
None,Yes,Yes,No,None,No,No,None,None,No,Poor,1 year,Valid SSL,https://linkedin.example,Good,50,10L,1234567890,Some Address,No,Poor,Gmail,Active,Few,LinkedIn,Low,Yes,Good,None,Telegram,No,Has Questions,Inactive,Positive,Present,No,Yes,None,Looking for software engineer with 2+ years experience in python and django,0
None,Yes,None,Yes,Yes,No,None,None,Yes,None,Excellent,1 year,Valid SSL,https://linkedin.example,Good,50,10L,1234567890,Some Address,Yes,Excellent,Gmail,Active,None,Telegram,High,No,Good,None,Call,No,Has Questions,Inactive,None,Present,Yes,Yes,No,Job opening in finance. CA preferred. Salary competitive,0
Yes,Yes,None,None,No,Yes,Yes,None,Yes,Yes,Excellent,1 year,Valid SSL,https://linkedin.example,Good,50,10L,1234567890,Some Address,No,Excellent,Company Domain,Inactive,Few,Telegram,Realistic,Yes,Good,None,Call,No,Has Questions,Active,Positive,Present,No,No,Yes,Looking for software engineer with 2+ years experience in python and django,0
Yes,Yes,Yes,Yes,Yes,None,None,Yes,None,Yes,Poor,1 year,Valid SSL,https://linkedin.example,Good,50,10L,1234567890,Some Address,No,Poor,Gmail,Inactive,Many,Naukri,High,Yes,Good,In-Person,Call,No,Has Questions,Active,Positive,None,No,No,No,Urgent requirement for developer. Apply now with resume,0
No,None,None,No,Yes,None,None,No,Yes,No,Good,1 year,Valid SSL,https://linkedin.example,Good,50,10L,1234567890,Some Address,Yes,Good,Outlook,Inactive,None,LinkedIn,High,No,Average,Video,WhatsApp,Yes,Has Questions,Active,Negative,Present,Yes,Yes,None,Frontend developer required - html css js,0
Yes,None,Yes,No,Yes,None,Yes,Yes,Yes,No,Average,1 year,Valid SSL,https://linkedin.example,Good,50,10L,1234567890,Some Address,No,Average,Yahoo,Active,Few,Telegram,High,No,Poor,Video,WhatsApp,Yes,Has Questions,Active,Negative,Present,No,None,None,Looking for software engineer with 2+ years experience in python and django,0
None,None,Yes,None,None,Yes,No,None,None,Yes,Average,1 year,Valid SSL,https://linkedin.example,Good,50,10L,1234567890,Some Address,No,Average,Yahoo,Inactive,Few,WhatsApp,High,Yes,Good,In-Person,Call,No,Has Questions,Inactive,None,None,No,Yes,Yes,Hiring marketing executive with good comm skills and sales experience,0
None,No,No,Yes,No,No,Yes,No,Yes,No,Excellent,1 year,Valid SSL,https://linkedin.example,Good,50,10L,1234567890,Some Address,No,Excellent,Yahoo,Active,Many,WhatsApp,High,No,Poor,None,Telegram,Yes,Has Questions,Active,Negative,None,No,No,Yes,Hiring marketing executive with good comm skills and sales experience,0
Yes,Yes,No,No,No,None,Yes,No,None,None,Good,1 year,Valid SSL,https://linkedin.example,Good,50,10L,1234567890,Some Address,No,Good,Company Domain,Inactive,Many,Indeed,High,Yes,Average,None,Telegram,Yes,Has Questions,Inactive,Positive,None,No,Yes,No,Hiring marketing executive with good comm skills and sales experience,0
None,None,None,None,No,None,Yes,None,No,No,Excellent,1 year,Valid SSL,https://linkedin.example,Good,50,10L,1234567890,Some Address,No,Excellent,Yahoo,Inactive,Few,Telegram,High,Yes,Poor,None,Telegram,No,Has Questions,Inactive,Positive,Present,No,None,Yes,Job opening in finance. CA preferred. Salary competitive,0
No,No,No,Yes,Yes,None,None,Yes,Yes,No,Good,1 year,Valid SSL,https://linkedin.example,Good,50,10L,1234567890,Some Address,Yes,Good,Outlook,Active,Few,WhatsApp,High,Yes,Average,In-Person,WhatsApp,Yes,Has Questions,Inactive,Positive,Present,Yes,None,None,Job opening in finance. CA preferred. Salary competitive,0
Yes,No,No,Yes,None,No,No,Yes,Yes,No,Average,1 year,Valid SSL,https://linkedin.example,Good,50,10L,1234567890,Some Address,No,Average,Outlook,Inactive,Few,WhatsApp,Realistic,Yes,Good,Phone,Telegram,No,Has Questions,Active,Positive,None,No,No,None,Hiring marketing executive with good comm skills and sales experience,0
No,None,Yes,Yes,Yes,Yes,Yes,None,No,Yes,Average,1 year,Valid SSL,https://linkedin.example,Good,50,10L,1234567890,Some Address,Yes,Average,Gmail,Active,None,LinkedIn,Low,No,Average,Video,Telegram,No,Has Questions,Active,Negative,Present,Yes,Yes,Yes,Frontend developer required - html css js,0
Yes,No,No,None,Yes,Yes,Yes,None,No,None,Poor,1 year,Valid SSL,https://linkedin.example,Good,50,10L,1234567890,Some Address,Yes,Poor,Gmail,Active,Many,Telegram,High,No,Poor,None,Email,No,Has Questions,Active,None,None,Yes,None,Yes,Frontend developer required - html css js,1
No,None,None,No,No,None,No,No,Yes,None,Average,1 year,Valid SSL,https://linkedin.example,Good,50,10L,1234567890,Some Address,Yes,Average,Company Domain,Inactive,None,Naukri,High,Yes,Good,Video,Call,No,Has Questions,Inactive,None,Present,Yes,No,Yes,Looking for software engineer with 2+ years experience in python and django,1
Yes,None,Yes,None,None,Yes,No,None,None,No,Average,1 year,Valid SSL,https://linkedin.example,Good,50,10L,1234567890,Some Address,No,Average,Gmail,Active,None,Indeed,Low,Yes,Poor,Phone,Telegram,Yes,Has Questions,Inactive,None,Present,No,Yes,Yes,Frontend developer required - html css js,0
No,Yes,No,No,Yes,Yes,No,None,Yes,None,Average,1 year,Valid SSL,https://linkedin.example,Good,50,10L,1234567890,Some Address,No,Average,Outlook,Inactive,Few,Indeed,Realistic,No,Average,None,WhatsApp,No,Has Questions,Inactive,Negative,None,No,No,Yes,Urgent requirement for developer. Apply now with resume,0
No,None,None,None,None,No,Yes,None,None,No,Poor,1 year,Valid SSL,https://linkedin.example,Good,50,10L,1234567890,Some Address,Yes,Poor,Gmail,Active,Few,Telegram,Realistic,No,Good,None,Call,No,Has Questions,Inactive,Negative,None,Yes,No,No,Hiring marketing executive with good comm skills and sales experience,0
None,None,Yes,Yes,Yes,No,Yes,Yes,No,None,Average,1 year,Valid SSL,https://linkedin.example,Good,50,10L,1234567890,Some Address,No,Average,Gmail,Inactive,Few,Naukri,Low,Yes,Good,Video,Call,Yes,Has Questions,Inactive,Positive,None,No,Yes,No,Urgent requirement for developer. Apply now with resume,1
No,Yes,None,None,Yes,Yes,No,Yes,None,Yes,Average,1 year,Valid SSL,https://linkedin.example,Good,50,10L,1234567890,Some Address,No,Average,Gmail,Inactive,None,WhatsApp,Low,Yes,Poor,None,Email,No,Has Questions,Inactive,Negative,None,No,None,None,Looking for software engineer with 2+ years experience in python and django,1
Yes,Yes,Yes,Yes,None,Yes,No,Yes,No,None,Poor,1 year,Valid SSL,https://linkedin.example,Good,50,10L,1234567890,Some Address,No,Poor,Outlook,Active,Few,Indeed,High,Yes,Poor,None,WhatsApp,Yes,Has Questions,Inactive,Positive,Present,No,None,No,Looking for software engineer with 2+ years experience in python and django,0
No,None,None,None,None,No,Yes,None,None,Yes,Poor,1 year,Valid SSL,https://linkedin.example,Good,50,10L,1234567890,Some Address,No,Poor,Company Domain,Inactive,None,WhatsApp,Low,Yes,Poor,None,Telegram,No,Has Questions,Active,Negative,Present,No,No,No,Urgent requirement for developer. Apply now with resume,0
Yes,None,Yes,Yes,No,Yes,None,No,None,No,Excellent,1 year,Valid SSL,https://linkedin.example,Good,50,10L,1234567890,Some Address,No,Excellent,Outlook,Inactive,Few,Naukri,High,No,Good,None,Telegram,No,Has Questions,Active,Negative,Present,No,No,No,Job opening in finance. CA preferred. Salary competitive,0
None,Yes,No,None,Yes,Yes,None,Yes,No,None,Poor,1 year,Valid SSL,https://linkedin.example,Good,50,10L,1234567890,Some Address,Yes,Poor,Yahoo,Active,Many,Indeed,High,Yes,Average,None,Email,Yes,Has Questions,Active,Positive,None,Yes,Yes,No,Frontend developer required - html css js,0
No,None,No,Yes,None,No,Yes,None,None,No,Average,1 year,Valid SSL,https://linkedin.example,Good,50,10L,1234567890,Some Address,Yes,Average,Outlook,Active,Few,Indeed,Realistic,No,Poor,In-Person,Call,Yes,Has Questions,Active,None,None,Yes,None,No,Job opening in finance. CA preferred. Salary competitive,0
Yes,Yes,None,Yes,No,Yes,Yes,Yes,None,Yes,Average,1 year,Valid SSL,https://linkedin.example,Good,50,10L,1234567890,Some Address,Yes,Average,Yahoo,Inactive,Few,Indeed,Realistic,Yes,Poor,Phone,Email,No,Has Questions,Active,Negative,Present,Yes,None,Yes,Urgent requirement for developer. Apply now with resume,1
No,None,None,None,None,Yes,No,None,None,No,Good,1 year,Valid SSL,https://linkedin.example,Good,50,10L,1234567890,Some Address,No,Good,Gmail,Inactive,None,LinkedIn,Low,No,Poor,Video,Call,Yes,Has Questions,Active,None,None,No,No,No,Hiring marketing executive with good comm skills and sales experience,0
Yes,Yes,No,No,Yes,None,No,None,No,None,Poor,1 year,Valid SSL,https://linkedin.example,Good,50,10L,1234567890,Some Address,No,Poor,Company Domain,Active,Few,LinkedIn,Realistic,No,Average,Video,Telegram,No,Has Questions,Inactive,Positive,None,No,No,No,Job opening in finance. CA preferred. Salary competitive,0
Yes,No,No,None,Yes,No,No,No,No,None,Good,1 year,Valid SSL,https://linkedin.example,Good,50,10L,1234567890,Some Address,Yes,Good,Outlook,Inactive,Few,Naukri,Low,Yes,Average,Phone,Email,No,Has Questions,Inactive,None,None,Yes,Yes,No,Hiring marketing executive with good comm skills and sales experience,1
Yes,No,Yes,Yes,No,None,No,No,Yes,No,Good,1 year,Valid SSL,https://linkedin.example,Good,50,10L,1234567890,Some Address,No,Good,Company Domain,Active,Few,Naukri,Low,No,Poor,Video,WhatsApp,Yes,Has Questions,Inactive,Positive,None,No,Yes,None,Frontend developer required - html css js,0
None,No,Yes,None,Yes,No,None,None,Yes,No,Poor,1 year,Valid SSL,https://linkedin.example,Good,50,10L,1234567890,Some Address,Yes,Poor,Outlook,Inactive,Few,Indeed,High,Yes,Good,Phone,Telegram,Yes,Has Questions,Active,Positive,None,Yes,Yes,None,Urgent requirement for developer. Apply now with resume,0
No,None,Yes,No,None,None,No,None,No,Yes,Excellent,1 year,Valid SSL,https://linkedin.example,Good,50,10L,1234567890,Some Address,No,Excellent,Company Domain,Active,Many,Telegram,High,Yes,Poor,Video,Email,Yes,Has Questions,Inactive,Negative,Present,No,Yes,None,Hiring marketing executive with good comm skills and sales experience,1
Yes,None,None,None,None,No,Yes,Yes,None,None,Good,1 year,Valid SSL,https://linkedin.example,Good,50,10L,1234567890,Some Address,No,Good,Outlook,Inactive,None,Indeed,Realistic,No,Poor,In-Person,Email,Yes,Has Questions,Active,Positive,Present,No,None,Yes,Frontend developer required - html css js,0
No,No,Yes,Yes,Yes,None,Yes,None,None,None,Poor,1 year,Valid SSL,https://linkedin.example,Good,50,10L,1234567890,Some Address,Yes,Poor,Outlook,Inactive,None,Indeed,Realistic,No,Poor,Phone,Call,No,Has Questions,Inactive,Positive,Present,Yes,None,Yes,Hiring marketing executive with good comm skills and sales experience,0
No,None,None,Yes,Yes,Yes,No,Yes,None,None,Poor,1 year,Valid SSL,https://linkedin.example,Good,50,10L,1234567890,Some Address,No,Poor,Gmail,Active,None,Telegram,Realistic,Yes,Good,None,Call,Yes,Has Questions,Active,Negative,Present,No,Yes,No,Hiring marketing executive with good comm skills and sales experience,0
No,None,Yes,No,Yes,Yes,None,Yes,No,No,Poor,1 year,Valid SSL,https://linkedin.example,Good,50,10L,1234567890,Some Address,No,Poor,Outlook,Inactive,None,Naukri,High,No,Average,Phone,Email,Yes,Has Questions,Inactive,None,None,No,None,Yes,Job opening in finance. CA preferred. Salary competitive,0
Yes,No,Yes,Yes,Yes,No,No,None,Yes,No,Good,1 year,Valid SSL,https://linkedin.example,Good,50,10L,1234567890,Some Address,No,Good,Yahoo,Inactive,None,LinkedIn,High,No,Poor,None,WhatsApp,No,Has Questions,Active,None,Present,No,No,No,Looking for software engineer with 2+ years experience in python and django,1
None,No,No,None,No,None,Yes,None,No,Yes,Good,1 year,Valid SSL,https://linkedin.example,Good,50,10L,1234567890,Some Address,No,Good,Outlook,Active,None,Naukri,High,No,Average,Video,Email,No,Has Questions,Active,Negative,Present,No,None,No,Urgent requirement for developer. Apply now with resume,1
No,No,No,No,Yes,Yes,No,None,Yes,No,Poor,1 year,Valid SSL,https://linkedin.example,Good,50,10L,1234567890,Some Address,Yes,Poor,Gmail,Active,Many,Naukri,Realistic,Yes,Average,Video,Email,Yes,Has Questions,Active,None,None,Yes,Yes,No,Frontend developer required - html css js,1
No,Yes,Yes,No,None,No,None,No,No,Yes,Excellent,1 year,Valid SSL,https://linkedin.example,Good,50,10L,1234567890,Some Address,No,Excellent,Yahoo,Active,Many,Indeed,Realistic,Yes,Good,Video,WhatsApp,No,Has Questions,Inactive,None,None,No,No,None,Job opening in finance. CA preferred. Salary competitive,0
No,None,Yes,Yes,No,No,No,None,None,None,Good,1 year,Valid SSL,https://linkedin.example,Good,50,10L,1234567890,Some Address,Yes,Good,Yahoo,Active,None,Telegram,Low,Yes,Good,In-Person,Email,Yes,Has Questions,Active,Positive,None,Yes,Yes,Yes,Job opening in finance. CA preferred. Salary competitive,0
No,Yes,No,Yes,Yes,None,Yes,None,None,None,Poor,1 year,Valid SSL,https://linkedin.example,Good,50,10L,1234567890,Some Address,No,Poor,Yahoo,Inactive,Few,Indeed,Realistic,Yes,Poor,Video,Email,No,Has Questions,Active,Positive,None,No,Yes,No,Hiring marketing executive with good comm skills and sales experience,0
No,None,Yes,Yes,No,None,Yes,No,No,No,Good,1 year,Valid SSL,https://linkedin.example,Good,50,10L,1234567890,Some Address,Yes,Good,Yahoo,Inactive,Many,LinkedIn,High,Yes,Poor,In-Person,WhatsApp,No,Has Questions,Inactive,Negative,None,Yes,None,No,Hiring marketing executive with good comm skills and sales experience,0
No,None,No,None,No,None,Yes,No,Yes,None,Poor,1 year,Valid SSL,https://linkedin.example,Good,50,10L,1234567890,Some Address,No,Poor,Outlook,Active,Few,LinkedIn,Realistic,Yes,Average,Phone,Email,No,Has Questions,Active,None,None,No,Yes,None,Frontend developer required - html css js,0
Yes,No,None,None,None,No,Yes,Yes,No,Yes,Average,1 year,Valid SSL,https://linkedin.example,Good,50,10L,1234567890,Some Address,No,Average,Yahoo,Active,None,Indeed,Realistic,No,Average,None,Email,No,Has Questions,Active,None,None,No,Yes,None,Frontend developer required - html css js,0
No,Yes,No,No,Yes,No,None,Yes,No,None,Poor,1 year,Valid SSL,https://linkedin.example,Good,50,10L,1234567890,Some Address,Yes,Poor,Outlook,Inactive,Few,Naukri,Realistic,No,Poor,In-Person,Telegram,Yes,Has Questions,Inactive,None,Present,Yes,Yes,None,Looking for software engineer with 2+ years experience in python and django,1
Yes,None,Yes,No,Yes,None,None,None,Yes,None,Excellent,1 year,Valid SSL,https://linkedin.example,Good,50,10L,1234567890,Some Address,Yes,Excellent,Yahoo,Inactive,Many,Naukri,High,No,Poor,Phone,Telegram,No,Has Questions,Inactive,None,Present,Yes,None,None,Urgent requirement for developer. Apply now with resume,0
Yes,No,No,No,None,No,None,No,Yes,Yes,Excellent,1 year,Valid SSL,https://linkedin.example,Good,50,10L,1234567890,Some Address,No,Excellent,Company Domain,Active,None,Indeed,High,Yes,Good,None,Call,No,Has Questions,Active,Positive,Present,No,Yes,No,Looking for software engineer with 2+ years experience in python and django,0
Yes,None,No,None,Yes,No,Yes,Yes,None,Yes,Excellent,1 year,Valid SSL,https://linkedin.example,Good,50,10L,1234567890,Some Address,No,Excellent,Yahoo,Inactive,Few,LinkedIn,Realistic,Yes,Poor,Phone,WhatsApp,No,Has Questions,Inactive,Negative,Present,No,No,No,Looking for software engineer with 2+ years experience in python and django,1
None,Yes,No,Yes,Yes,None,None,Yes,None,No,Good,1 year,Valid SSL,https://linkedin.example,Good,50,10L,1234567890,Some Address,No,Good,Outlook,Inactive,Few,LinkedIn,High,No,Average,None,Call,No,Has Questions,Active,Negative,Present,No,Yes,Yes,Frontend developer required - html css js,0
Yes,None,No,None,Yes,None,Yes,Yes,Yes,None,Average,1 year,Valid SSL,https://linkedin.example,Good,50,10L,1234567890,Some Address,No,Average,Yahoo,Inactive,Few,Indeed,Low,Yes,Poor,Video,Email,Yes,Has Questions,Active,None,Present,No,None,Yes,Urgent requirement for developer. Apply now with resume,0
None,Yes,None,None,Yes,No,Yes,None,None,None,Excellent,1 year,Valid SSL,https://linkedin.example,Good,50,10L,1234567890,Some Address,No,Excellent,Yahoo,Inactive,None,WhatsApp,Low,No,Average,None,Call,No,Has Questions,Inactive,None,Present,No,Yes,Yes,Urgent requirement for developer. Apply now with resume,0
Yes,No,No,None,None,No,None,Yes,None,Yes,Poor,1 year,Valid SSL,https://linkedin.example,Good,50,10L,1234567890,Some Address,No,Poor,Outlook,Inactive,None,Telegram,Realistic,No,Poor,Phone,WhatsApp,No,Has Questions,Active,Negative,Present,No,No,No,Hiring marketing executive with good comm skills and sales experience,0
None,Yes,Yes,Yes,Yes,No,Yes,None,No,Yes,Average,1 year,Valid SSL,https://linkedin.example,Good,50,10L,1234567890,Some Address,Yes,Average,Gmail,Active,None,Naukri,Realistic,No,Good,Phone,Telegram,No,Has Questions,Inactive,Positive,None,Yes,Yes,None,Looking for software engineer with 2+ years experience in python and django,1
No,No,None,No,None,Yes,No,No,None,None,Average,1 year,Valid SSL,https://linkedin.example,Good,50,10L,1234567890,Some Address,No,Average,Gmail,Inactive,Few,WhatsApp,Low,No,Poor,In-Person,WhatsApp,No,Has Questions,Active,Negative,None,No,Yes,None,Frontend developer required - html css js,0
Yes,Yes,None,None,None,No,Yes,Yes,None,Yes,Good,1 year,Valid SSL,https://linkedin.example,Good,50,10L,1234567890,Some Address,No,Good,Outlook,Inactive,None,Indeed,High,No,Good,In-Person,Telegram,Yes,Has Questions,Inactive,None,None,No,No,Yes,Job opening in finance. CA preferred. Salary competitive,0
None,Yes,No,None,None,No,No,Yes,No,No,Excellent,1 year,Valid SSL,https://linkedin.example,Good,50,10L,1234567890,Some Address,No,Excellent,Company Domain,Inactive,Few,Telegram,Low,No,Poor,None,Telegram,No,Has Questions,Inactive,Negative,None,No,Yes,No,Frontend developer required - html css js,0
Yes,Yes,None,Yes,No,None,Yes,None,No,Yes,Excellent,1 year,Valid SSL,https://linkedin.example,Good,50,10L,1234567890,Some Address,No,Excellent,Outlook,Active,Few,WhatsApp,High,No,Poor,Video,Call,No,Has Questions,Active,Positive,Present,No,None,None,Job opening in finance. CA preferred. Salary competitive,1
Yes,Yes,None,Yes,None,None,None,None,No,No,Excellent,1 year,Valid SSL,https://linkedin.example,Good,50,10L,1234567890,Some Address,Yes,Excellent,Outlook,Active,Many,Naukri,Low,No,Poor,In-Person,Telegram,No,Has Questions,Active,None,Present,Yes,No,No,Job opening in finance. CA preferred. Salary competitive,0
None,Yes,None,Yes,None,None,None,No,No,None,Poor,1 year,Valid SSL,https://linkedin.example,Good,50,10L,1234567890,Some Address,No,Poor,Outlook,Active,Many,Naukri,High,Yes,Poor,Phone,Telegram,Yes,Has Questions,Active,None,None,No,None,Yes,Frontend developer required - html css js,0
None,Yes,No,None,Yes,Yes,No,Yes,None,No,Poor,1 year,Valid SSL,https://linkedin.example,Good,50,10L,1234567890,Some Address,No,Poor,Company Domain,Inactive,Many,LinkedIn,Realistic,Yes,Average,Video,Email,Yes,Has Questions,Inactive,None,None,No,No,No,Job opening in finance. CA preferred. Salary competitive,1
None,None,No,None,Yes,None,No,None,No,No,Good,1 year,Valid SSL,https://linkedin.example,Good,50,10L,1234567890,Some Address,No,Good,Gmail,Active,Few,Indeed,High,No,Average,Video,Email,No,Has Questions,Active,Positive,Present,No,Yes,No,Hiring marketing executive with good comm skills and sales experience,0
None,Yes,No,None,None,Yes,Yes,No,Yes,None,Good,1 year,Valid SSL,https://linkedin.example,Good,50,10L,1234567890,Some Address,No,Good,Gmail,Inactive,Few,WhatsApp,High,No,Poor,Video,Telegram,Yes,Has Questions,Active,None,Present,No,No,No,Looking for software engineer with 2+ years experience in python and django,0
None,No,No,Yes,No,Yes,Yes,Yes,None,None,Poor,1 year,Valid SSL,https://linkedin.example,Good,50,10L,1234567890,Some Address,Yes,Poor,Yahoo,Inactive,None,Telegram,Realistic,No,Poor,None,Email,No,Has Questions,Inactive,None,None,Yes,None,No,Hiring marketing executive with good comm skills and sales experience,1
Yes,Yes,None,None,Yes,Yes,Yes,None,Yes,None,Poor,1 year,Valid SSL,https://linkedin.example,Good,50,10L,1234567890,Some Address,Yes,Poor,Yahoo,Inactive,Few,Naukri,Realistic,No,Good,Video,Email,Yes,Has Questions,Active,None,Present,Yes,None,No,Frontend developer required - html css js,0
No,No,None,No,None,None,None,None,None,Yes,Excellent,1 year,Valid SSL,https://linkedin.example,Good,50,10L,1234567890,Some Address,No,Excellent,Outlook,Active,Few,Naukri,Realistic,Yes,Good,Video,Call,Yes,Has Questions,Inactive,None,None,No,Yes,Yes,Looking for software engineer with 2+ years experience in python and django,0
None,Yes,None,No,Yes,None,None,None,No,No,Excellent,1 year,Valid SSL,https://linkedin.example,Good,50,10L,1234567890,Some Address,Yes,Excellent,Outlook,Inactive,None,Indeed,Realistic,No,Poor,Video,WhatsApp,Yes,Has Questions,Active,None,Present,Yes,Yes,No,Urgent requirement for developer. Apply now with resume,0
None,No,Yes,No,No,Yes,Yes,Yes,No,None,Excellent,1 year,Valid SSL,https://linkedin.example,Good,50,10L,1234567890,Some Address,Yes,Excellent,Yahoo,Active,Few,LinkedIn,Low,No,Poor,None,Telegram,No,Has Questions,Active,None,Present,Yes,None,No,Looking for software engineer with 2+ years experience in python and django,0
None,No,Yes,No,Yes,None,None,No,None,Yes,Excellent,1 year,Valid SSL,https://linkedin.example,Good,50,10L,1234567890,Some Address,No,Excellent,Yahoo,Active,None,Naukri,Realistic,No,Good,In-Person,Telegram,Yes,Has Questions,Active,None,Present,No,None,Yes,Looking for software engineer with 2+ years experience in python and django,0
Yes,None,Yes,No,Yes,None,Yes,Yes,No,None,Excellent,1 year,Valid SSL,https://linkedin.example,Good,50,10L,1234567890,Some Address,No,Excellent,Company Domain,Inactive,Few,Naukri,Low,Yes,Poor,Phone,Email,Yes,Has Questions,Inactive,None,Present,No,No,Yes,Urgent requirement for developer. Apply now with resume,1
None,Yes,Yes,Yes,Yes,No,Yes,None,None,Yes,Poor,1 year,Valid SSL,https://linkedin.example,Good,50,10L,1234567890,Some Address,Yes,Poor,Gmail,Inactive,None,Naukri,Realistic,Yes,Average,None,Telegram,Yes,Has Questions,Active,Positive,None,Yes,No,No,Looking for software engineer with 2+ years experience in python and django,0
None,No,No,No,No,Yes,Yes,Yes,Yes,Yes,Good,1 year,Valid SSL,https://linkedin.example,Good,50,10L,1234567890,Some Address,No,Good,Company Domain,Active,None,Indeed,Low,No,Poor,In-Person,Telegram,No,Has Questions,Inactive,Positive,Present,No,None,None,Job opening in finance. CA preferred. Salary competitive,1
None,No,None,Yes,None,No,No,None,Yes,No,Good,1 year,Valid SSL,https://linkedin.example,Good,50,10L,1234567890,Some Address,Yes,Good,Gmail,Active,Few,Indeed,High,No,Poor,In-Person,Email,Yes,Has Questions,Active,None,None,Yes,None,No,Frontend developer required - html css js,0
No,No,No,No,Yes,No,Yes,No,None,None,Excellent,1 year,Valid SSL,https://linkedin.example,Good,50,10L,1234567890,Some Address,Yes,Excellent,Gmail,Inactive,None,Indeed,Low,Yes,Poor,None,Call,Yes,Has Questions,Inactive,Negative,None,Yes,No,None,Looking for software engineer with 2+ years experience in python and django,0
Yes,No,No,No,None,Yes,No,Yes,No,No,Poor,1 year,Valid SSL,https://linkedin.example,Good,50,10L,1234567890,Some Address,No,Poor,Company Domain,Inactive,None,Telegram,Low,No,Average,In-Person,WhatsApp,No,Has Questions,Inactive,Negative,None,No,No,No,Job opening in finance. CA preferred. Salary competitive,1
Yes,No,No,No,Yes,Yes,No,No,Yes,No,Excellent,1 year,Valid SSL,https://linkedin.example,Good,50,10L,1234567890,Some Address,Yes,Excellent,Outlook,Inactive,None,LinkedIn,Low,Yes,Poor,None,Telegram,No,Has Questions,Active,Negative,None,Yes,Yes,None,Frontend developer required - html css js,0
No,None,None,No,None,Yes,Yes,Yes,No,None,Poor,1 year,Valid SSL,https://linkedin.example,Good,50,10L,1234567890,Some Address,No,Poor,Outlook,Inactive,Few,WhatsApp,Low,No,Poor,Video,Email,No,Has Questions,Inactive,Negative,None,No,None,No,Urgent requirement for developer. Apply now with resume,0
None,Yes,No,Yes,Yes,Yes,None,No,No,None,Good,1 year,Valid SSL,https://linkedin.example,Good,50,10L,1234567890,Some Address,Yes,Good,Outlook,Inactive,None,Telegram,High,No,Good,In-Person,Call,No,Has Questions,Inactive,None,None,Yes,No,No,Job opening in finance. CA preferred. Salary competitive,0
Yes,No,None,No,No,None,Yes,Yes,No,Yes,Good,1 year,Valid SSL,https://linkedin.example,Good,50,10L,1234567890,Some Address,Yes,Good,Yahoo,Inactive,Many,Indeed,High,No,Poor,Video,Call,Yes,Has Questions,Active,Negative,None,Yes,No,None,Frontend developer required - html css js,0
No,Yes,No,No,None,No,Yes,No,Yes,No,Excellent,1 year,Valid SSL,https://linkedin.example,Good,50,10L,1234567890,Some Address,Yes,Excellent,Yahoo,Active,Many,WhatsApp,Low,No,Average,Video,WhatsApp,Yes,Has Questions,Inactive,Negative,None,Yes,None,Yes,Hiring marketing executive with good comm skills and sales experience,1
None,No,No,None,Yes,No,No,None,None,No,Poor,1 year,Valid SSL,https://linkedin.example,Good,50,10L,1234567890,Some Address,Yes,Poor,Company Domain,Inactive,None,WhatsApp,Realistic,Yes,Good,None,Call,No,Has Questions,Active,None,None,Yes,Yes,No,Frontend developer required - html css js,1
Yes,None,No,No,Yes,No,No,None,No,None,Excellent,1 year,Valid SSL,https://linkedin.example,Good,50,10L,1234567890,Some Address,No,Excellent,Gmail,Inactive,None,Naukri,High,Yes,Good,Video,WhatsApp,No,Has Questions,Active,Negative,Present,No,Yes,None,Looking for software engineer with 2+ years experience in python and django,0
None,Yes,No,Yes,None,Yes,Yes,None,Yes,Yes,Good,1 year,Valid SSL,https://linkedin.example,Good,50,10L,1234567890,Some Address,Yes,Good,Outlook,Active,Many,WhatsApp,High,No,Good,Video,Email,No,Has Questions,Active,None,Present,Yes,No,No,Job opening in finance. CA preferred. Salary competitive,1
Yes,None,None,No,None,None,No,No,Yes,No,Poor,1 year,Valid SSL,https://linkedin.example,Good,50,10L,1234567890,Some Address,Yes,Poor,Outlook,Active,Many,WhatsApp,Realistic,No,Good,Video,Telegram,Yes,Has Questions,Active,None,None,Yes,Yes,Yes,Frontend developer required - html css js,0
Yes,None,No,Yes,None,None,Yes,No,Yes,No,Excellent,1 year,Valid SSL,https://linkedin.example,Good,50,10L,1234567890,Some Address,Yes,Excellent,Outlook,Inactive,None,LinkedIn,Realistic,Yes,Average,None,Email,No,Has Questions,Inactive,Negative,None,Yes,No,No,Looking for software engineer with 2+ years experience in python and django,1
Yes,None,None,No,None,None,None,None,None,Yes,Poor,1 year,Valid SSL,https://linkedin.example,Good,50,10L,1234567890,Some Address,Yes,Poor,Gmail,Inactive,Few,Naukri,Low,Yes,Poor,In-Person,Telegram,Yes,Has Questions,Inactive,Negative,None,Yes,None,No,Job opening in finance. CA preferred. Salary competitive,1
None,Yes,None,Yes,No,Yes,Yes,No,Yes,None,Excellent,1 year,Valid SSL,https://linkedin.example,Good,50,10L,1234567890,Some Address,Yes,Excellent,Company Domain,Inactive,None,WhatsApp,Low,No,Good,None,Telegram,Yes,Has Questions,Inactive,Positive,Present,Yes,Yes,Yes,Job opening in finance. CA preferred. Salary competitive,1
None,None,No,Yes,Yes,No,No,None,No,None,Average,1 year,Valid SSL,https://linkedin.example,Good,50,10L,1234567890,Some Address,No,Average,Outlook,Inactive,Many,WhatsApp,High,Yes,Poor,In-Person,Email,Yes,Has Questions,Active,Positive,Present,No,None,None,Looking for software engineer with 2+ years experience in python and django,0
None,None,No,None,None,No,Yes,No,None,None,Good,1 year,Valid SSL,https://linkedin.example,Good,50,10L,1234567890,Some Address,No,Good,Gmail,Inactive,None,WhatsApp,Low,No,Poor,Video,Email,No,Has Questions,Inactive,None,Present,No,None,None,Frontend developer required - html css js,0
No,No,None,None,Yes,Yes,Yes,Yes,No,None,Good,1 year,Valid SSL,https://linkedin.example,Good,50,10L,1234567890,Some Address,No,Good,Yahoo,Active,Many,WhatsApp,Low,Yes,Good,Phone,Call,No,Has Questions,Active,Positive,None,No,Yes,Yes,Hiring marketing executive with good comm skills and sales experience,1
None,None,None,None,None,Yes,Yes,No,No,None,Good,1 year,Valid SSL,https://linkedin.example,Good,50,10L,1234567890,Some Address,No,Good,Company Domain,Active,None,Telegram,Realistic,No,Good,In-Person,Telegram,Yes,Has Questions,Active,Positive,None,No,None,Yes,Hiring marketing executive with good comm skills and sales experience,0
No,Yes,None,None,No,No,Yes,No,No,Yes,Good,1 year,Valid SSL,https://linkedin.example,Good,50,10L,1234567890,Some Address,No,Good,Outlook,Active,None,Indeed,Low,Yes,Average,Phone,Email,No,Has Questions,Active,None,None,No,Yes,No,Hiring marketing executive with good comm skills and sales experience,0
None,None,Yes,None,None,Yes,Yes,None,No,None,Excellent,1 year,Valid SSL,https://linkedin.example,Good,50,10L,1234567890,Some Address,Yes,Excellent,Yahoo,Active,Many,WhatsApp,Realistic,Yes,Poor,Phone,Email,Yes,Has Questions,Active,None,Present,Yes,Yes,Yes,Urgent requirement for developer. Apply now with resume,0
Yes,Yes,No,No,Yes,None,Yes,No,No,No,Poor,1 year,Valid SSL,https://linkedin.example,Good,50,10L,1234567890,Some Address,No,Poor,Company Domain,Inactive,Few,LinkedIn,Realistic,Yes,Poor,Video,Telegram,No,Has Questions,Inactive,Negative,None,No,No,None,Job opening in finance. CA preferred. Salary competitive,0
None,No,Yes,None,None,None,No,None,Yes,None,Excellent,1 year,Valid SSL,https://linkedin.example,Good,50,10L,1234567890,Some Address,No,Excellent,Company Domain,Inactive,Many,Indeed,Realistic,No,Good,None,Email,No,Has Questions,Active,Negative,Present,No,None,None,Looking for software engineer with 2+ years experience in python and django,0
Yes,No,No,No,None,Yes,None,No,None,Yes,Good,1 year,Valid SSL,https://linkedin.example,Good,50,10L,1234567890,Some Address,Yes,Good,Outlook,Active,None,WhatsApp,Low,Yes,Poor,None,Call,No,Has Questions,Active,Positive,Present,Yes,No,No,Urgent requirement for developer. Apply now with resume,1
Yes,None,Yes,No,Yes,None,None,Yes,No,Yes,Good,1 year,Valid SSL,https://linkedin.example,Good,50,10L,1234567890,Some Address,Yes,Good,Gmail,Active,Few,Indeed,Low,No,Average,Video,Email,Yes,Has Questions,Active,None,None,Yes,Yes,None,Hiring marketing executive with good comm skills and sales experience,0
No,None,None,No,None,Yes,No,No,Yes,Yes,Good,1 year,Valid SSL,https://linkedin.example,Good,50,10L,1234567890,Some Address,No,Good,Gmail,Inactive,Many,Indeed,Realistic,Yes,Average,In-Person,WhatsApp,No,Has Questions,Inactive,Negative,Present,No,None,No,Frontend developer required - html css js,1
Yes,None,None,Yes,Yes,No,No,Yes,No,Yes,Average,1 year,Valid SSL,https://linkedin.example,Good,50,10L,1234567890,Some Address,No,Average,Company Domain,Active,Many,LinkedIn,Realistic,No,Poor,In-Person,Call,No,Has Questions,Inactive,None,None,No,Yes,None,Frontend developer required - html css js,0
No,No,No,None,No,Yes,None,Yes,No,None,Good,1 year,Valid SSL,https://linkedin.example,Good,50,10L,1234567890,Some Address,No,Good,Yahoo,Active,Many,WhatsApp,Low,No,Poor,In-Person,Telegram,No,Has Questions,Inactive,Negative,Present,No,None,Yes,Urgent requirement for developer. Apply now with resume,1
No,Yes,No,Yes,No,Yes,None,None,Yes,None,Good,1 year,Valid SSL,https://linkedin.example,Good,50,10L,1234567890,Some Address,Yes,Good,Outlook,Active,None,WhatsApp,Realistic,Yes,Average,Video,Email,No,Has Questions,Active,Negative,None,Yes,Yes,Yes,Hiring marketing executive with good comm skills and sales experience,1
None,None,No,None,None,No,None,No,None,Yes,Poor,1 year,Valid SSL,https://linkedin.example,Good,50,10L,1234567890,Some Address,Yes,Poor,Gmail,Inactive,Few,Telegram,Realistic,Yes,Poor,Video,Telegram,Yes,Has Questions,Active,None,Present,Yes,None,Yes,Looking for software engineer with 2+ years experience in python and django,0
None,Yes,None,No,None,No,None,Yes,No,Yes,Poor,1 year,Valid SSL,https://linkedin.example,Good,50,10L,1234567890,Some Address,No,Poor,Yahoo,Active,Many,Indeed,Low,No,Poor,None,Email,Yes,Has Questions,Inactive,Negative,Present,No,None,None,Job opening in finance. CA preferred. Salary competitive,0
No,No,No,None,Yes,No,None,Yes,No,Yes,Poor,1 year,Valid SSL,https://linkedin.example,Good,50,10L,1234567890,Some Address,No,Poor,Outlook,Active,Few,Indeed,High,No,Average,In-Person,Call,Yes,Has Questions,Inactive,Positive,Present,No,None,No,Frontend developer required - html css js,1
No,None,Yes,Yes,Yes,None,None,No,None,None,Poor,1 year,Valid SSL,https://linkedin.example,Good,50,10L,1234567890,Some Address,No,Poor,Yahoo,Inactive,Many,Telegram,Low,Yes,Good,In-Person,WhatsApp,Yes,Has Questions,Active,Positive,None,No,No,None,Frontend developer required - html css js,0
None,Yes,None,None,None,No,No,None,Yes,No,Good,1 year,Valid SSL,https://linkedin.example,Good,50,10L,1234567890,Some Address,No,Good,Yahoo,Inactive,None,Naukri,Low,Yes,Good,Video,WhatsApp,No,Has Questions,Inactive,None,None,No,Yes,Yes,Frontend developer required - html css js,0
No,None,No,None,Yes,Yes,None,No,No,No,Excellent,1 year,Valid SSL,https://linkedin.example,Good,50,10L,1234567890,Some Address,Yes,Excellent,Gmail,Active,None,WhatsApp,High,No,Poor,None,WhatsApp,No,Has Questions,Inactive,Positive,Present,Yes,No,Yes,Frontend developer required - html css js,1
No,None,None,None,Yes,None,None,Yes,None,No,Excellent,1 year,Valid SSL,https://linkedin.example,Good,50,10L,1234567890,Some Address,Yes,Excellent,Gmail,Inactive,Many,Indeed,Low,Yes,Poor,Video,WhatsApp,No,Has Questions,Active,None,Present,Yes,None,None,Hiring marketing executive with good comm skills and sales experience,0
No,Yes,No,None,None,No,No,No,Yes,No,Poor,1 year,Valid SSL,https://linkedin.example,Good,50,10L,1234567890,Some Address,Yes,Poor,Outlook,Active,Many,Naukri,High,Yes,Average,None,Telegram,Yes,Has Questions,Inactive,Positive,Present,Yes,Yes,No,Looking for software engineer with 2+ years experience in python and django,0
Yes,No,No,Yes,No,None,None,None,None,No,Good,1 year,Valid SSL,https://linkedin.example,Good,50,10L,1234567890,Some Address,Yes,Good,Company Domain,Active,Many,LinkedIn,High,No,Poor,Video,Telegram,No,Has Questions,Active,Positive,Present,Yes,Yes,No,Hiring marketing executive with good comm skills and sales experience,0
Yes,No,Yes,No,None,Yes,Yes,No,No,No,Excellent,1 year,Valid SSL,https://linkedin.example,Good,50,10L,1234567890,Some Address,No,Excellent,Yahoo,Active,Few,Naukri,High,No,Average,Video,Email,No,Has Questions,Active,None,None,No,No,No,Job opening in finance. CA preferred. Salary competitive,1
None,No,No,No,None,None,None,No,No,Yes,Average,1 year,Valid SSL,https://linkedin.example,Good,50,10L,1234567890,Some Address,Yes,Average,Company Domain,Inactive,Many,WhatsApp,Realistic,No,Good,In-Person,Telegram,Yes,Has Questions,Active,Positive,Present,Yes,No,Yes,Urgent requirement for developer. Apply now with resume,1
Yes,Yes,No,No,No,None,Yes,No,None,None,Good,1 year,Valid SSL,https://linkedin.example,Good,50,10L,1234567890,Some Address,Yes,Good,Gmail,Active,Many,Naukri,Realistic,No,Good,In-Person,Email,Yes,Has Questions,Active,Negative,Present,Yes,No,None,Hiring marketing executive with good comm skills and sales experience,0
No,No,None,None,Yes,Yes,None,Yes,No,None,Good,1 year,Valid SSL,https://linkedin.example,Good,50,10L,1234567890,Some Address,No,Good,Gmail,Inactive,Few,WhatsApp,Low,No,Poor,Video,Call,Yes,Has Questions,Active,Positive,Present,No,Yes,None,Urgent requirement for developer. Apply now with resume,1
None,Yes,None,None,No,None,Yes,No,Yes,None,Good,1 year,Valid SSL,https://linkedin.example,Good,50,10L,1234567890,Some Address,Yes,Good,Yahoo,Inactive,Few,Telegram,High,Yes,Poor,In-Person,Call,Yes,Has Questions,Active,Positive,None,Yes,Yes,Yes,Frontend developer required - html css js,0
No,None,Yes,No,None,None,No,Yes,None,Yes,Average,1 year,Valid SSL,https://linkedin.example,Good,50,10L,1234567890,Some Address,Yes,Average,Yahoo,Active,Few,LinkedIn,Low,No,Good,Video,Email,Yes,Has Questions,Inactive,Negative,Present,Yes,None,None,Urgent requirement for developer. Apply now with resume,1
Yes,No,No,No,Yes,None,None,None,No,No,Average,1 year,Valid SSL,https://linkedin.example,Good,50,10L,1234567890,Some Address,Yes,Average,Outlook,Inactive,Many,Naukri,Low,No,Average,None,Email,No,Has Questions,Inactive,Positive,Present,Yes,No,Yes,Urgent requirement for developer. Apply now with resume,0
Yes,None,No,None,None,Yes,No,None,Yes,None,Excellent,1 year,Valid SSL,https://linkedin.example,Good,50,10L,1234567890,Some Address,Yes,Excellent,Gmail,Active,Many,LinkedIn,Low,Yes,Average,Video,Telegram,No,Has Questions,Inactive,None,None,Yes,Yes,Yes,Looking for software engineer with 2+ years experience in python and django,0
No,No,No,None,No,No,None,No,No,No,Poor,1 year,Valid SSL,https://linkedin.example,Good,50,10L,1234567890,Some Address,Yes,Poor,Yahoo,Active,None,Indeed,Realistic,Yes,Poor,None,WhatsApp,Yes,Has Questions,Active,Negative,Present,Yes,None,None,Looking for software engineer with 2+ years experience in python and django,0
Yes,Yes,None,No,Yes,None,None,Yes,Yes,Yes,Excellent,1 year,Valid SSL,https://linkedin.example,Good,50,10L,1234567890,Some Address,Yes,Excellent,Yahoo,Inactive,Few,Naukri,Realistic,Yes,Poor,Phone,Telegram,No,Has Questions,Inactive,Negative,Present,Yes,None,Yes,Hiring marketing executive with good comm skills and sales experience,1
None,No,None,No,No,Yes,Yes,Yes,Yes,No,Average,1 year,Valid SSL,https://linkedin.example,Good,50,10L,1234567890,Some Address,Yes,Average,Yahoo,Active,None,Naukri,Realistic,No,Poor,Video,Telegram,No,Has Questions,Inactive,Positive,Present,Yes,Yes,None,Hiring marketing executive with good comm skills and sales experience,0
Yes,None,None,No,Yes,No,None,None,None,None,Average,1 year,Valid SSL,https://linkedin.example,Good,50,10L,1234567890,Some Address,No,Average,Gmail,Active,Many,Naukri,Realistic,No,Poor,Video,Email,Yes,Has Questions,Active,Negative,Present,No,None,No,Urgent requirement for developer. Apply now with resume,0
None,Yes,No,Yes,Yes,No,No,No,No,No,Excellent,1 year,Valid SSL,https://linkedin.example,Good,50,10L,1234567890,Some Address,Yes,Excellent,Company Domain,Active,Few,Indeed,Low,Yes,Poor,Video,WhatsApp,Yes,Has Questions,Inactive,None,Present,Yes,None,Yes,Hiring marketing executive with good comm skills and sales experience,1
None,Yes,No,No,No,None,No,None,Yes,None,Excellent,1 year,Valid SSL,https://linkedin.example,Good,50,10L,1234567890,Some Address,No,Excellent,Outlook,Inactive,Few,Naukri,High,Yes,Good,Phone,Telegram,Yes,Has Questions,Active,Positive,None,No,None,No,Hiring marketing executive with good comm skills and sales experience,1
No,No,No,No,No,None,Yes,No,Yes,Yes,Excellent,1 year,Valid SSL,https://linkedin.example,Good,50,10L,1234567890,Some Address,Yes,Excellent,Outlook,Inactive,None,WhatsApp,Realistic,Yes,Good,None,Call,No,Has Questions,Inactive,None,Present,Yes,Yes,No,Frontend developer required - html css js,0
None,Yes,No,No,No,Yes,None,Yes,Yes,No,Average,1 year,Valid SSL,https://linkedin.example,Good,50,10L,1234567890,Some Address,No,Average,Gmail,Inactive,Few,WhatsApp,Realistic,No,Good,Phone,Call,Yes,Has Questions,Active,None,Present,No,No,Yes,Frontend developer required - html css js,0
No,Yes,Yes,Yes,None,No,None,Yes,No,None,Poor,1 year,Valid SSL,https://linkedin.example,Good,50,10L,1234567890,Some Address,Yes,Poor,Outlook,Active,Few,Naukri,Realistic,Yes,Poor,Phone,Call,No,Has Questions,Inactive,Positive,Present,Yes,No,No,Frontend developer required - html css js,1
No,None,None,None,No,Yes,No,None,Yes,Yes,Poor,1 year,Valid SSL,https://linkedin.example,Good,50,10L,1234567890,Some Address,No,Poor,Gmail,Inactive,Many,WhatsApp,Realistic,Yes,Poor,Video,Email,Yes,Has Questions,Inactive,Positive,None,No,No,No,Job opening in finance. CA preferred. Salary competitive,1
None,None,Yes,No,Yes,None,None,No,No,None,Average,1 year,Valid SSL,https://linkedin.example,Good,50,10L,1234567890,Some Address,No,Average,Yahoo,Inactive,Many,Naukri,High,Yes,Average,Phone,Call,Yes,Has Questions,Inactive,Positive,Present,No,Yes,Yes,Urgent requirement for developer. Apply now with resume,0
Yes,No,None,Yes,No,No,No,Yes,None,None,Excellent,1 year,Valid SSL,https://linkedin.example,Good,50,10L,1234567890,Some Address,Yes,Excellent,Yahoo,Active,Few,WhatsApp,Realistic,Yes,Average,In-Person,Call,No,Has Questions,Active,Negative,Present,Yes,Yes,Yes,Hiring marketing executive with good comm skills and sales experience,1
None,Yes,Yes,None,No,None,No,Yes,No,No,Average,1 year,Valid SSL,https://linkedin.example,Good,50,10L,1234567890,Some Address,No,Average,Yahoo,Active,None,Indeed,Realistic,No,Good,None,Telegram,No,Has Questions,Active,Positive,None,No,Yes,No,Job opening in finance. CA preferred. Salary competitive,0
No,Yes,None,Yes,No,Yes,Yes,Yes,Yes,No,Excellent,1 year,Valid SSL,https://linkedin.example,Good,50,10L,1234567890,Some Address,Yes,Excellent,Yahoo,Active,None,LinkedIn,Low,No,Good,None,Email,Yes,Has Questions,Active,Positive,None,Yes,None,None,Frontend developer required - html css js,0
No,No,Yes,Yes,No,Yes,None,Yes,No,Yes,Excellent,1 year,Valid SSL,https://linkedin.example,Good,50,10L,1234567890,Some Address,Yes,Excellent,Gmail,Active,None,LinkedIn,Realistic,No,Poor,In-Person,Telegram,No,Has Questions,Inactive,Positive,None,Yes,Yes,Yes,Job opening in finance. CA preferred. Salary competitive,0
Yes,No,None,Yes,No,No,None,None,Yes,None,Good,1 year,Valid SSL,https://linkedin.example,Good,50,10L,1234567890,Some Address,Yes,Good,Outlook,Active,Few,LinkedIn,Realistic,No,Good,In-Person,WhatsApp,No,Has Questions,Active,None,None,Yes,Yes,Yes,Frontend developer required - html css js,0
No,None,None,None,None,None,No,No,Yes,No,Poor,1 year,Valid SSL,https://linkedin.example,Good,50,10L,1234567890,Some Address,Yes,Poor,Company Domain,Active,Many,Naukri,Low,Yes,Good,None,Email,No,Has Questions,Active,None,Present,Yes,No,None,Hiring marketing executive with good comm skills and sales experience,0
No,None,None,None,None,No,None,Yes,No,Yes,Good,1 year,Valid SSL,https://linkedin.example,Good,50,10L,1234567890,Some Address,No,Good,Yahoo,Inactive,Many,LinkedIn,Low,Yes,Poor,Video,Email,Yes,Has Questions,Inactive,Negative,Present,No,No,Yes,Urgent requirement for developer. Apply now with resume,1
None,None,None,No,None,Yes,No,Yes,None,No,Good,1 year,Valid SSL,https://linkedin.example,Good,50,10L,1234567890,Some Address,Yes,Good,Company Domain,Active,Few,Naukri,High,Yes,Poor,Phone,Telegram,No,Has Questions,Inactive,None,None,Yes,Yes,None,Job opening in finance. CA preferred. Salary competitive,1
Yes,Yes,Yes,Yes,Yes,None,Yes,None,None,No,Poor,1 year,Valid SSL,https://linkedin.example,Good,50,10L,1234567890,Some Address,No,Poor,Gmail,Inactive,None,Indeed,Realistic,Yes,Good,None,Call,No,Has Questions,Active,Negative,None,No,No,None,Frontend developer required - html css js,1
None,Yes,No,No,Yes,Yes,No,No,No,Yes,Poor,1 year,Valid SSL,https://linkedin.example,Good,50,10L,1234567890,Some Address,No,Poor,Company Domain,Active,Few,WhatsApp,High,No,Poor,Video,WhatsApp,Yes,Has Questions,Inactive,None,Present,No,Yes,Yes,Job opening in finance. CA preferred. Salary competitive,0
No,Yes,No,No,No,Yes,Yes,Yes,No,Yes,Average,1 year,Valid SSL,https://linkedin.example,Good,50,10L,1234567890,Some Address,No,Average,Outlook,Active,None,Naukri,High,No,Average,Video,Telegram,Yes,Has Questions,Active,Positive,None,No,None,None,Urgent requirement for developer. Apply now with resume,0
No,None,Yes,No,No,No,No,None,None,None,Good,1 year,Valid SSL,https://linkedin.example,Good,50,10L,1234567890,Some Address,No,Good,Yahoo,Active,Many,LinkedIn,High,Yes,Average,None,Call,Yes,Has Questions,Inactive,Positive,None,No,No,Yes,Urgent requirement for developer. Apply now with resume,0
No,None,No,Yes,No,No,Yes,Yes,No,None,Excellent,1 year,Valid SSL,https://linkedin.example,Good,50,10L,1234567890,Some Address,Yes,Excellent,Yahoo,Inactive,Many,Telegram,Low,Yes,Poor,Phone,Email,Yes,Has Questions,Active,Positive,None,Yes,Yes,None,Job opening in finance. CA preferred. Salary competitive,0
No,Yes,No,Yes,No,None,No,Yes,Yes,None,Excellent,1 year,Valid SSL,https://linkedin.example,Good,50,10L,1234567890,Some Address,Yes,Excellent,Gmail,Inactive,None,LinkedIn,Realistic,Yes,Average,Phone,Call,No,Has Questions,Active,Negative,Present,Yes,None,None,Urgent requirement for developer. Apply now with resume,1
No,No,Yes,Yes,None,No,None,None,None,Yes,Poor,1 year,Valid SSL,https://linkedin.example,Good,50,10L,1234567890,Some Address,No,Poor,Gmail,Inactive,None,Indeed,Realistic,Yes,Poor,In-Person,WhatsApp,No,Has Questions,Inactive,Negative,Present,No,Yes,Yes,Looking for software engineer with 2+ years experience in python and django,1
None,None,Yes,No,No,No,Yes,None,No,None,Good,1 year,Valid SSL,https://linkedin.example,Good,50,10L,1234567890,Some Address,Yes,Good,Outlook,Active,Many,Indeed,Realistic,No,Good,Video,WhatsApp,Yes,Has Questions,Active,Negative,None,Yes,No,No,Frontend developer required - html css js,0
Yes,Yes,Yes,Yes,None,Yes,None,Yes,Yes,No,Average,1 year,Valid SSL,https://linkedin.example,Good,50,10L,1234567890,Some Address,No,Average,Company Domain,Inactive,None,Telegram,Low,No,Poor,None,Telegram,Yes,Has Questions,Active,None,Present,No,No,Yes,Looking for software engineer with 2+ years experience in python and django,0
No,Yes,None,None,No,Yes,No,No,No,Yes,Good,1 year,Valid SSL,https://linkedin.example,Good,50,10L,1234567890,Some Address,Yes,Good,Gmail,Active,Many,LinkedIn,High,No,Poor,Video,Email,No,Has Questions,Active,Positive,None,Yes,None,No,Urgent requirement for developer. Apply now with resume,0
None,Yes,Yes,No,Yes,None,No,None,No,Yes,Poor,1 year,Valid SSL,https://linkedin.example,Good,50,10L,1234567890,Some Address,Yes,Poor,Company Domain,Active,Many,Telegram,High,No,Good,Phone,Telegram,No,Has Questions,Active,Positive,Present,Yes,No,Yes,Urgent requirement for developer. Apply now with resume,1
None,None,Yes,None,Yes,No,No,Yes,None,No,Excellent,1 year,Valid SSL,https://linkedin.example,Good,50,10L,1234567890,Some Address,Yes,Excellent,Gmail,Inactive,None,Indeed,Low,No,Average,In-Person,Telegram,No,Has Questions,Inactive,Negative,Present,Yes,Yes,Yes,Hiring marketing executive with good comm skills and sales experience,0
No,No,Yes,Yes,Yes,None,No,No,No,Yes,Average,1 year,Valid SSL,https://linkedin.example,Good,50,10L,1234567890,Some Address,No,Average,Company Domain,Inactive,Few,WhatsApp,High,No,Poor,In-Person,Call,No,Has Questions,Inactive,Positive,Present,No,None,Yes,Looking for software engineer with 2+ years experience in python and django,1
No,Yes,None,None,None,No,None,Yes,None,No,Average,1 year,Valid SSL,https://linkedin.example,Good,50,10L,1234567890,Some Address,No,Average,Gmail,Active,Many,WhatsApp,High,No,Good,None,WhatsApp,No,Has Questions,Active,Positive,None,No,No,No,Frontend developer required - html css js,0
No,Yes,No,None,None,None,None,No,No,None,Poor,1 year,Valid SSL,https://linkedin.example,Good,50,10L,1234567890,Some Address,Yes,Poor,Yahoo,Inactive,None,Telegram,Realistic,No,Good,In-Person,Call,Yes,Has Questions,Inactive,Positive,None,Yes,No,None,Urgent requirement for developer. Apply now with resume,0
No,No,No,No,Yes,Yes,Yes,Yes,Yes,Yes,Excellent,1 year,Valid SSL,https://linkedin.example,Good,50,10L,1234567890,Some Address,No,Excellent,Company Domain,Active,Few,WhatsApp,Realistic,No,Good,Video,Telegram,No,Has Questions,Active,Positive,None,No,No,Yes,Looking for software engineer with 2+ years experience in python and django,1
Yes,None,Yes,Yes,No,None,None,None,No,Yes,Excellent,1 year,Valid SSL,https://linkedin.example,Good,50,10L,1234567890,Some Address,Yes,Excellent,Gmail,Active,Few,LinkedIn,Realistic,Yes,Poor,Video,Telegram,Yes,Has Questions,Inactive,Negative,Present,Yes,None,Yes,Hiring marketing executive with good comm skills and sales experience,1
None,No,None,None,Yes,No,None,Yes,No,None,Excellent,1 year,Valid SSL,https://linkedin.example,Good,50,10L,1234567890,Some Address,No,Excellent,Yahoo,Active,Many,WhatsApp,Realistic,Yes,Average,Phone,Telegram,Yes,Has Questions,Active,Negative,None,No,No,None,Job opening in finance. CA preferred. Salary competitive,0
None,None,No,None,None,No,Yes,No,No,No,Poor,1 year,Valid SSL,https://linkedin.example,Good,50,10L,1234567890,Some Address,No,Poor,Yahoo,Active,Many,Telegram,Realistic,No,Good,Phone,Call,Yes,Has Questions,Active,None,Present,No,None,No,Urgent requirement for developer. Apply now with resume,1
None,No,None,Yes,Yes,Yes,Yes,No,Yes,No,Excellent,1 year,Valid SSL,https://linkedin.example,Good,50,10L,1234567890,Some Address,Yes,Excellent,Outlook,Active,Many,Telegram,Realistic,Yes,Average,Video,Call,No,Has Questions,Active,None,None,Yes,Yes,No,Job opening in finance. CA preferred. Salary competitive,0
No,No,Yes,No,No,No,No,None,No,None,Average,1 year,Valid SSL,https://linkedin.example,Good,50,10L,1234567890,Some Address,Yes,Average,Company Domain,Active,Many,Naukri,Realistic,Yes,Average,Video,Email,Yes,Has Questions,Active,Positive,None,Yes,Yes,None,Urgent requirement for developer. Apply now with resume,0
Yes,None,None,No,None,No,None,None,None,No,Excellent,1 year,Valid SSL,https://linkedin.example,Good,50,10L,1234567890,Some Address,Yes,Excellent,Outlook,Inactive,Many,Telegram,High,No,Average,In-Person,Call,Yes,Has Questions,Active,Positive,Present,Yes,Yes,No,Urgent requirement for developer. Apply now with resume,1
Yes,None,None,None,Yes,No,None,No,Yes,None,Average,1 year,Valid SSL,https://linkedin.example,Good,50,10L,1234567890,Some Address,Yes,Average,Company Domain,Inactive,Few,Naukri,Realistic,Yes,Average,In-Person,Email,Yes,Has Questions,Inactive,None,None,Yes,None,Yes,Hiring marketing executive with good comm skills and sales experience,1
None,Yes,Yes,None,Yes,Yes,No,Yes,None,No,Poor,1 year,Valid SSL,https://linkedin.example,Good,50,10L,1234567890,Some Address,No,Poor,Gmail,Active,Few,Indeed,Low,No,Good,Phone,Telegram,No,Has Questions,Inactive,Positive,Present,No,No,No,Frontend developer required - html css js,0
Yes,Yes,No,None,Yes,Yes,No,None,None,No,Good,1 year,Valid SSL,https://linkedin.example,Good,50,10L,1234567890,Some Address,No,Good,Gmail,Active,None,Indeed,Low,No,Average,Video,Telegram,No,Has Questions,Inactive,Negative,None,No,None,None,Looking for software engineer with 2+ years experience in python and django,1
Yes,Yes,Yes,No,No,No,Yes,No,No,Yes,Average,1 year,Valid SSL,https://linkedin.example,Good,50,10L,1234567890,Some Address,Yes,Average,Yahoo,Inactive,Many,LinkedIn,Realistic,Yes,Good,Video,Email,Yes,Has Questions,Inactive,None,Present,Yes,Yes,Yes,Hiring marketing executive with good comm skills and sales experience,1
No,Yes,Yes,Yes,None,None,No,Yes,Yes,Yes,Poor,1 year,Valid SSL,https://linkedin.example,Good,50,10L,1234567890,Some Address,No,Poor,Outlook,Active,None,WhatsApp,Realistic,No,Good,Video,Email,No,Has Questions,Inactive,None,None,No,Yes,No,Urgent requirement for developer. Apply now with resume,0
Yes,None,None,None,No,None,No,Yes,Yes,None,Poor,1 year,Valid SSL,https://linkedin.example,Good,50,10L,1234567890,Some Address,Yes,Poor,Outlook,Inactive,Few,WhatsApp,Low,No,Average,None,Call,Yes,Has Questions,Inactive,None,None,Yes,None,No,Job opening in finance. CA preferred. Salary competitive,0
Yes,No,None,None,Yes,Yes,No,None,None,None,Poor,1 year,Valid SSL,https://linkedin.example,Good,50,10L,1234567890,Some Address,No,Poor,Yahoo,Active,None,Telegram,Low,No,Good,Video,Call,No,Has Questions,Inactive,Positive,None,No,None,No,Urgent requirement for developer. Apply now with resume,0
None,No,None,No,Yes,No,None,Yes,None,No,Average,1 year,Valid SSL,https://linkedin.example,Good,50,10L,1234567890,Some Address,Yes,Average,Yahoo,Active,Many,Telegram,Realistic,Yes,Poor,In-Person,Call,Yes,Has Questions,Inactive,Positive,None,Yes,Yes,Yes,Hiring marketing executive with good comm skills and sales experience,0
Yes,None,None,None,No,No,Yes,None,Yes,No,Average,1 year,Valid SSL,https://linkedin.example,Good,50,10L,1234567890,Some Address,Yes,Average,Gmail,Inactive,Few,LinkedIn,Low,Yes,Good,None,Telegram,Yes,Has Questions,Active,Positive,Present,Yes,Yes,No,Job opening in finance. CA preferred. Salary competitive,0
No,Yes,None,Yes,None,None,No,Yes,Yes,Yes,Average,1 year,Valid SSL,https://linkedin.example,Good,50,10L,1234567890,Some Address,No,Average,Gmail,Inactive,Many,Indeed,High,Yes,Average,None,Telegram,No,Has Questions,Inactive,Negative,Present,No,No,No,Urgent requirement for developer. Apply now with resume,0
Yes,No,Yes,None,Yes,None,None,None,None,Yes,Poor,1 year,Valid SSL,https://linkedin.example,Good,50,10L,1234567890,Some Address,Yes,Poor,Yahoo,Active,Many,Telegram,Low,Yes,Good,Phone,Email,Yes,Has Questions,Active,Negative,Present,Yes,No,No,Hiring marketing executive with good comm skills and sales experience,1
None,No,None,Yes,None,No,None,None,Yes,Yes,Average,1 year,Valid SSL,https://linkedin.example,Good,50,10L,1234567890,Some Address,No,Average,Gmail,Active,Many,Naukri,Low,No,Average,Video,Call,Yes,Has Questions,Inactive,None,None,No,No,Yes,Looking for software engineer with 2+ years experience in python and django,1
None,None,Yes,No,None,Yes,Yes,No,None,Yes,Poor,1 year,Valid SSL,https://linkedin.example,Good,50,10L,1234567890,Some Address,No,Poor,Outlook,Active,None,LinkedIn,Low,No,Poor,Phone,Call,No,Has Questions,Inactive,None,None,No,No,No,Hiring marketing executive with good comm skills and sales experience,0
Yes,None,No,None,None,No,None,None,No,Yes,Average,1 year,Valid SSL,https://linkedin.example,Good,50,10L,1234567890,Some Address,No,Average,Yahoo,Active,Few,LinkedIn,Realistic,Yes,Average,Video,Telegram,Yes,Has Questions,Active,None,None,No,No,No,Hiring marketing executive with good comm skills and sales experience,0
None,Yes,No,Yes,No,Yes,None,No,Yes,None,Average,1 year,Valid SSL,https://linkedin.example,Good,50,10L,1234567890,Some Address,Yes,Average,Gmail,Active,None,WhatsApp,Low,No,Average,None,Email,Yes,Has Questions,Active,Negative,None,Yes,No,No,Job opening in finance. CA preferred. Salary competitive,1
No,No,No,Yes,Yes,Yes,No,No,Yes,No,Poor,1 year,Valid SSL,https://linkedin.example,Good,50,10L,1234567890,Some Address,No,Poor,Gmail,Inactive,Many,Naukri,Realistic,Yes,Poor,In-Person,WhatsApp,Yes,Has Questions,Active,None,Present,No,Yes,None,Urgent requirement for developer. Apply now with resume,0
None,Yes,None,No,None,Yes,None,No,Yes,Yes,Average,1 year,Valid SSL,https://linkedin.example,Good,50,10L,1234567890,Some Address,No,Average,Outlook,Active,None,LinkedIn,Low,No,Good,In-Person,WhatsApp,Yes,Has Questions,Inactive,None,None,No,None,No,Frontend developer required - html css js,0
No,Yes,No,Yes,No,No,Yes,None,No,None,Average,1 year,Valid SSL,https://linkedin.example,Good,50,10L,1234567890,Some Address,Yes,Average,Company Domain,Inactive,None,WhatsApp,High,Yes,Average,In-Person,WhatsApp,No,Has Questions,Active,Positive,None,Yes,None,None,Looking for software engineer with 2+ years experience in python and django,0
None,Yes,Yes,None,None,Yes,No,Yes,None,Yes,Average,1 year,Valid SSL,https://linkedin.example,Good,50,10L,1234567890,Some Address,Yes,Average,Gmail,Inactive,None,Indeed,Low,No,Good,Video,Call,No,Has Questions,Inactive,Negative,None,Yes,None,None,Frontend developer required - html css js,0
No,No,No,None,None,No,Yes,No,Yes,Yes,Average,1 year,Valid SSL,https://linkedin.example,Good,50,10L,1234567890,Some Address,Yes,Average,Yahoo,Inactive,Many,Telegram,High,No,Average,Video,WhatsApp,Yes,Has Questions,Active,Positive,Present,Yes,Yes,No,Frontend developer required - html css js,0
Yes,Yes,Yes,None,None,Yes,No,No,Yes,None,Excellent,1 year,Valid SSL,https://linkedin.example,Good,50,10L,1234567890,Some Address,No,Excellent,Company Domain,Inactive,None,Naukri,High,No,Good,Video,Telegram,No,Has Questions,Active,Positive,Present,No,No,No,Job opening in finance. CA preferred. Salary competitive,1
No,No,No,None,No,No,None,None,None,None,Good,1 year,Valid SSL,https://linkedin.example,Good,50,10L,1234567890,Some Address,No,Good,Outlook,Inactive,Few,Indeed,Realistic,No,Average,Video,Email,No,Has Questions,Active,Negative,Present,No,Yes,No,Job opening in finance. CA preferred. Salary competitive,0
None,No,Yes,No,No,No,Yes,Yes,Yes,No,Excellent,1 year,Valid SSL,https://linkedin.example,Good,50,10L,1234567890,Some Address,No,Excellent,Company Domain,Inactive,Few,WhatsApp,High,Yes,Poor,Phone,WhatsApp,No,Has Questions,Active,None,None,No,Yes,None,Hiring marketing executive with good comm skills and sales experience,1
No,No,No,No,Yes,None,No,No,No,Yes,Average,1 year,Valid SSL,https://linkedin.example,Good,50,10L,1234567890,Some Address,No,Average,Gmail,Active,Few,Naukri,Realistic,Yes,Poor,Video,Call,Yes,Has Questions,Inactive,None,Present,No,No,None,Frontend developer required - html css js,1
None,Yes,No,No,No,Yes,None,None,None,None,Excellent,1 year,Valid SSL,https://linkedin.example,Good,50,10L,1234567890,Some Address,No,Excellent,Company Domain,Inactive,Few,Naukri,Realistic,No,Poor,Video,WhatsApp,Yes,Has Questions,Inactive,Negative,None,No,No,No,Looking for software engineer with 2+ years experience in python and django,1
Yes,No,No,None,No,Yes,None,Yes,No,No,Good,1 year,Valid SSL,https://linkedin.example,Good,50,10L,1234567890,Some Address,Yes,Good,Outlook,Active,Many,Indeed,High,No,Average,None,Call,Yes,Has Questions,Active,Positive,Present,Yes,Yes,Yes,Urgent requirement for developer. Apply now with resume,0
Yes,Yes,None,No,None,Yes,None,None,No,Yes,Excellent,1 year,Valid SSL,https://linkedin.example,Good,50,10L,1234567890,Some Address,No,Excellent,Outlook,Active,None,Telegram,High,Yes,Poor,In-Person,Email,Yes,Has Questions,Inactive,Positive,Present,No,None,None,Hiring marketing executive with good comm skills and sales experience,1
None,Yes,No,Yes,No,None,Yes,Yes,No,Yes,Poor,1 year,Valid SSL,https://linkedin.example,Good,50,10L,1234567890,Some Address,No,Poor,Company Domain,Inactive,Many,Naukri,Low,No,Poor,In-Person,Call,Yes,Has Questions,Active,None,Present,No,No,No,Looking for software engineer with 2+ years experience in python and django,0
No,None,No,Yes,None,None,No,None,No,None,Poor,1 year,Valid SSL,https://linkedin.example,Good,50,10L,1234567890,Some Address,No,Poor,Yahoo,Active,Many,Telegram,Low,Yes,Good,Phone,Call,No,Has Questions,Inactive,None,Present,No,Yes,No,Job opening in finance. CA preferred. Salary competitive,0
No,No,No,No,Yes,No,Yes,None,Yes,Yes,Average,1 year,Valid SSL,https://linkedin.example,Good,50,10L,1234567890,Some Address,No,Average,Company Domain,Inactive,Many,WhatsApp,Realistic,No,Poor,In-Person,Email,Yes,Has Questions,Inactive,Negative,Present,No,No,No,Looking for software engineer with 2+ years experience in python and django,0
Yes,No,No,No,No,Yes,None,No,Yes,No,Average,1 year,Valid SSL,https://linkedin.example,Good,50,10L,1234567890,Some Address,Yes,Average,Gmail,Active,Few,WhatsApp,High,No,Poor,None,WhatsApp,No,Has Questions,Inactive,Negative,None,Yes,No,None,Frontend developer required - html css js,0
None,Yes,Yes,No,Yes,No,Yes,No,None,No,Average,1 year,Valid SSL,https://linkedin.example,Good,50,10L,1234567890,Some Address,No,Average,Gmail,Active,None,WhatsApp,Low,Yes,Average,None,Telegram,Yes,Has Questions,Active,None,None,No,Yes,Yes,Urgent requirement for developer. Apply now with resume,1
No,None,No,Yes,Yes,No,None,None,Yes,None,Average,1 year,Valid SSL,https://linkedin.example,Good,50,10L,1234567890,Some Address,No,Average,Outlook,Inactive,Many,LinkedIn,Low,Yes,Average,Phone,Email,No,Has Questions,Inactive,Negative,None,No,None,Yes,Hiring marketing executive with good comm skills and sales experience,1
No,No,Yes,None,Yes,None,Yes,No,None,None,Poor,1 year,Valid SSL,https://linkedin.example,Good,50,10L,1234567890,Some Address,Yes,Poor,Outlook,Inactive,Many,Indeed,High,Yes,Average,Video,Call,Yes,Has Questions,Inactive,Negative,Present,Yes,No,Yes,Urgent requirement for developer. Apply now with resume,0
No,No,No,None,Yes,None,Yes,No,Yes,Yes,Average,1 year,Valid SSL,https://linkedin.example,Good,50,10L,1234567890,Some Address,No,Average,Gmail,Inactive,Few,Indeed,Low,No,Average,Phone,WhatsApp,No,Has Questions,Inactive,None,None,No,None,None,Hiring marketing executive with good comm skills and sales experience,1
Yes,None,No,No,Yes,No,None,No,No,No,Excellent,1 year,Valid SSL,https://linkedin.example,Good,50,10L,1234567890,Some Address,No,Excellent,Company Domain,Inactive,Few,Naukri,Realistic,No,Average,In-Person,Email,No,Has Questions,Active,None,None,No,Yes,None,Job opening in finance. CA preferred. Salary competitive,0
No,No,No,None,Yes,No,No,Yes,No,Yes,Excellent,1 year,Valid SSL,https://linkedin.example,Good,50,10L,1234567890,Some Address,No,Excellent,Gmail,Active,None,Telegram,High,No,Poor,Video,Telegram,No,Has Questions,Inactive,Negative,Present,No,Yes,Yes,Urgent requirement for developer. Apply now with resume,0
Yes,Yes,No,None,No,Yes,None,No,Yes,None,Poor,1 year,Valid SSL,https://linkedin.example,Good,50,10L,1234567890,Some Address,Yes,Poor,Yahoo,Inactive,Few,Telegram,Realistic,No,Poor,Video,WhatsApp,No,Has Questions,Active,Positive,Present,Yes,Yes,None,Hiring marketing executive with good comm skills and sales experience,0
Yes,Yes,No,None,No,Yes,No,No,No,No,Average,1 year,Valid SSL,https://linkedin.example,Good,50,10L,1234567890,Some Address,No,Average,Gmail,Inactive,None,LinkedIn,High,No,Poor,Video,Call,Yes,Has Questions,Inactive,Negative,Present,No,Yes,No,Frontend developer required - html css js,1
No,No,Yes,No,None,None,Yes,No,None,No,Average,1 year,Valid SSL,https://linkedin.example,Good,50,10L,1234567890,Some Address,No,Average,Outlook,Active,Many,WhatsApp,High,Yes,Good,Phone,Email,Yes,Has Questions,Inactive,Positive,None,No,Yes,No,Hiring marketing executive with good comm skills and sales experience,1
No,None,None,Yes,Yes,Yes,No,Yes,No,No,Poor,1 year,Valid SSL,https://linkedin.example,Good,50,10L,1234567890,Some Address,No,Poor,Yahoo,Active,Many,Telegram,High,No,Good,Video,Telegram,No,Has Questions,Active,None,None,No,None,No,Looking for software engineer with 2+ years experience in python and django,0
None,Yes,Yes,Yes,None,Yes,None,None,Yes,None,Good,1 year,Valid SSL,https://linkedin.example,Good,50,10L,1234567890,Some Address,No,Good,Company Domain,Active,Few,Telegram,Low,No,Good,In-Person,Call,Yes,Has Questions,Active,Negative,None,No,Yes,No,Hiring marketing executive with good comm skills and sales experience,0
None,No,None,No,No,Yes,None,None,No,None,Good,1 year,Valid SSL,https://linkedin.example,Good,50,10L,1234567890,Some Address,No,Good,Yahoo,Active,None,LinkedIn,High,Yes,Average,Video,Telegram,Yes,Has Questions,Active,None,None,No,None,No,Job opening in finance. CA preferred. Salary competitive,0
None,Yes,None,No,None,No,No,No,Yes,No,Excellent,1 year,Valid SSL,https://linkedin.example,Good,50,10L,1234567890,Some Address,No,Excellent,Outlook,Inactive,None,LinkedIn,Realistic,Yes,Good,Video,Call,No,Has Questions,Active,None,Present,No,Yes,Yes,Looking for software engineer with 2+ years experience in python and django,1
None,None,None,No,Yes,Yes,Yes,Yes,None,None,Average,1 year,Valid SSL,https://linkedin.example,Good,50,10L,1234567890,Some Address,No,Average,Yahoo,Inactive,Few,Indeed,Low,Yes,Average,None,Email,Yes,Has Questions,Inactive,Negative,Present,No,No,Yes,Urgent requirement for developer. Apply now with resume,1
None,None,Yes,No,None,Yes,Yes,Yes,No,Yes,Excellent,1 year,Valid SSL,https://linkedin.example,Good,50,10L,1234567890,Some Address,No,Excellent,Yahoo,Inactive,Few,WhatsApp,Low,Yes,Good,Video,Call,Yes,Has Questions,Inactive,Positive,Present,No,Yes,No,Hiring marketing executive with good comm skills and sales experience,0
No,No,No,Yes,Yes,No,Yes,No,None,None,Poor,1 year,Valid SSL,https://linkedin.example,Good,50,10L,1234567890,Some Address,Yes,Poor,Outlook,Active,None,Telegram,Realistic,No,Poor,Video,Call,Yes,Has Questions,Inactive,Positive,None,Yes,Yes,None,Job opening in finance. CA preferred. Salary competitive,0
No,None,Yes,None,Yes,None,No,None,Yes,Yes,Good,1 year,Valid SSL,https://linkedin.example,Good,50,10L,1234567890,Some Address,Yes,Good,Gmail,Active,Many,Indeed,Realistic,No,Average,Phone,WhatsApp,Yes,Has Questions,Inactive,Negative,Present,Yes,No,No,Hiring marketing executive with good comm skills and sales experience,0
Yes,None,No,Yes,None,None,No,Yes,Yes,None,Excellent,1 year,Valid SSL,https://linkedin.example,Good,50,10L,1234567890,Some Address,Yes,Excellent,Outlook,Inactive,Few,LinkedIn,Realistic,No,Poor,Phone,Telegram,Yes,Has Questions,Active,Positive,None,Yes,None,None,Urgent requirement for developer. Apply now with resume,1
Yes,Yes,No,None,No,No,No,Yes,Yes,No,Good,1 year,Valid SSL,https://linkedin.example,Good,50,10L,1234567890,Some Address,Yes,Good,Outlook,Active,None,Telegram,High,No,Average,None,Telegram,Yes,Has Questions,Inactive,Positive,None,Yes,Yes,Yes,Frontend developer required - html css js,0
No,None,None,Yes,None,No,Yes,Yes,No,None,Average,1 year,Valid SSL,https://linkedin.example,Good,50,10L,1234567890,Some Address,No,Average,Company Domain,Active,Many,LinkedIn,High,Yes,Poor,Video,WhatsApp,Yes,Has Questions,Active,Positive,None,No,Yes,No,Urgent requirement for developer. Apply now with resume,1
None,None,Yes,Yes,None,Yes,None,None,No,Yes,Good,1 year,Valid SSL,https://linkedin.example,Good,50,10L,1234567890,Some Address,Yes,Good,Yahoo,Active,Many,Indeed,Realistic,No,Good,Video,WhatsApp,Yes,Has Questions,Inactive,None,Present,Yes,No,Yes,Hiring marketing executive with good comm skills and sales experience,1
No,No,Yes,Yes,Yes,Yes,No,No,Yes,None,Excellent,1 year,Valid SSL,https://linkedin.example,Good,50,10L,1234567890,Some Address,Yes,Excellent,Outlook,Active,Few,Indeed,Low,No,Good,Phone,Telegram,No,Has Questions,Inactive,None,Present,Yes,No,Yes,Looking for software engineer with 2+ years experience in python and django,0
Yes,None,No,None,No,Yes,None,None,None,Yes,Poor,1 year,Valid SSL,https://linkedin.example,Good,50,10L,1234567890,Some Address,Yes,Poor,Yahoo,Active,None,WhatsApp,Realistic,Yes,Average,In-Person,Email,Yes,Has Questions,Active,Positive,Present,Yes,None,No,Urgent requirement for developer. Apply now with resume,0
No,None,No,Yes,No,None,Yes,No,Yes,Yes,Poor,1 year,Valid SSL,https://linkedin.example,Good,50,10L,1234567890,Some Address,Yes,Poor,Company Domain,Inactive,None,WhatsApp,High,Yes,Average,None,Telegram,Yes,Has Questions,Active,Positive,Present,Yes,No,None,Hiring marketing executive with good comm skills and sales experience,0
No,None,No,None,None,No,None,None,No,Yes,Poor,1 year,Valid SSL,https://linkedin.example,Good,50,10L,1234567890,Some Address,No,Poor,Gmail,Inactive,Few,Indeed,Low,No,Poor,Video,Call,Yes,Has Questions,Active,Positive,Present,No,Yes,No,Looking for software engineer with 2+ years experience in python and django,0
Yes,No,None,None,None,No,Yes,None,Yes,None,Excellent,1 year,Valid SSL,https://linkedin.example,Good,50,10L,1234567890,Some Address,Yes,Excellent,Yahoo,Active,None,Naukri,High,No,Poor,Phone,Call,No,Has Questions,Inactive,Negative,Present,Yes,None,Yes,Frontend developer required - html css js,0
None,None,Yes,No,No,No,None,No,No,No,Poor,1 year,Valid SSL,https://linkedin.example,Good,50,10L,1234567890,Some Address,No,Poor,Outlook,Inactive,Few,WhatsApp,Low,No,Average,In-Person,Call,No,Has Questions,Active,Positive,None,No,Yes,Yes,Job opening in finance. CA preferred. Salary competitive,0
None,None,No,Yes,None,None,Yes,No,None,Yes,Poor,1 year,Valid SSL,https://linkedin.example,Good,50,10L,1234567890,Some Address,Yes,Poor,Company Domain,Active,Few,WhatsApp,Realistic,No,Poor,None,Call,No,Has Questions,Inactive,Positive,None,Yes,Yes,None,Job opening in finance. CA preferred. Salary competitive,0
No,No,Yes,None,No,No,Yes,Yes,Yes,No,Excellent,1 year,Valid SSL,https://linkedin.example,Good,50,10L,1234567890,Some Address,No,Excellent,Company Domain,Active,Many,WhatsApp,Realistic,No,Average,None,Telegram,No,Has Questions,Inactive,None,Present,No,Yes,No,Job opening in finance. CA preferred. Salary competitive,0
No,None,Yes,No,None,None,Yes,Yes,No,Yes,Poor,1 year,Valid SSL,https://linkedin.example,Good,50,10L,1234567890,Some Address,Yes,Poor,Gmail,Inactive,Few,LinkedIn,Realistic,Yes,Average,Video,Telegram,Yes,Has Questions,Inactive,None,Present,Yes,Yes,No,Job opening in finance. CA preferred. Salary competitive,0
None,No,None,None,None,No,Yes,None,None,None,Average,1 year,Valid SSL,https://linkedin.example,Good,50,10L,1234567890,Some Address,No,Average,Gmail,Active,Many,Naukri,High,No,Average,Phone,Email,No,Has Questions,Inactive,Negative,None,No,No,No,Looking for software engineer with 2+ years experience in python and django,1
Yes,No,None,No,No,No,Yes,No,None,None,Excellent,1 year,Valid SSL,https://linkedin.example,Good,50,10L,1234567890,Some Address,No,Excellent,Yahoo,Active,Many,WhatsApp,Low,No,Average,Phone,Call,No,Has Questions,Inactive,Positive,None,No,None,None,Urgent requirement for developer. Apply now with resume,0
None,None,Yes,Yes,None,None,No,No,None,Yes,Good,1 year,Valid SSL,https://linkedin.example,Good,50,10L,1234567890,Some Address,No,Good,Yahoo,Active,Many,WhatsApp,Low,Yes,Average,Video,Telegram,Yes,Has Questions,Active,Positive,None,No,Yes,None,Job opening in finance. CA preferred. Salary competitive,1
No,None,None,No,Yes,None,No,None,No,Yes,Average,1 year,Valid SSL,https://linkedin.example,Good,50,10L,1234567890,Some Address,Yes,Average,Company Domain,Active,Many,Indeed,High,Yes,Average,In-Person,Call,No,Has Questions,Inactive,Positive,Present,Yes,No,Yes,Job opening in finance. CA preferred. Salary competitive,0
None,No,No,Yes,No,Yes,Yes,Yes,Yes,Yes,Poor,1 year,Valid SSL,https://linkedin.example,Good,50,10L,1234567890,Some Address,No,Poor,Company Domain,Active,None,Indeed,Realistic,No,Average,Video,Telegram,No,Has Questions,Active,Positive,None,No,None,None,Job opening in finance. CA preferred. Salary competitive,0
Yes,None,Yes,Yes,Yes,None,None,No,No,Yes,Excellent,1 year,Valid SSL,https://linkedin.example,Good,50,10L,1234567890,Some Address,No,Excellent,Gmail,Inactive,None,Telegram,Low,Yes,Good,Phone,Telegram,Yes,Has Questions,Active,None,Present,No,Yes,No,Looking for software engineer with 2+ years experience in python and django,0
No,None,None,Yes,None,No,None,No,None,Yes,Average,1 year,Valid SSL,https://linkedin.example,Good,50,10L,1234567890,Some Address,Yes,Average,Company Domain,Inactive,Many,Indeed,High,Yes,Average,Video,WhatsApp,No,Has Questions,Active,Positive,None,Yes,Yes,Yes,Looking for software engineer with 2+ years experience in python and django,0
None,No,None,None,Yes,None,Yes,No,Yes,None,Poor,1 year,Valid SSL,https://linkedin.example,Good,50,10L,1234567890,Some Address,Yes,Poor,Company Domain,Active,Few,LinkedIn,High,No,Poor,Phone,WhatsApp,No,Has Questions,Active,Positive,None,Yes,Yes,None,Looking for software engineer with 2+ years experience in python and django,1
Yes,No,Yes,Yes,No,Yes,None,Yes,None,No,Average,1 year,Valid SSL,https://linkedin.example,Good,50,10L,1234567890,Some Address,No,Average,Company Domain,Active,Few,Telegram,Low,Yes,Average,Phone,WhatsApp,Yes,Has Questions,Inactive,None,Present,No,No,None,Looking for software engineer with 2+ years experience in python and django,0
None,Yes,No,No,Yes,None,No,No,No,Yes,Poor,1 year,Valid SSL,https://linkedin.example,Good,50,10L,1234567890,Some Address,Yes,Poor,Yahoo,Active,Few,Indeed,Low,No,Poor,In-Person,Telegram,Yes,Has Questions,Active,Positive,None,Yes,No,No,Urgent requirement for developer. Apply now with resume,0
None,None,Yes,No,None,Yes,None,Yes,Yes,None,Good,1 year,Valid SSL,https://linkedin.example,Good,50,10L,1234567890,Some Address,No,Good,Yahoo,Active,Few,LinkedIn,Realistic,Yes,Poor,Video,WhatsApp,Yes,Has Questions,Active,Positive,Present,No,Yes,Yes,Job opening in finance. CA preferred. Salary competitive,1
None,No,None,No,No,No,Yes,None,None,Yes,Excellent,1 year,Valid SSL,https://linkedin.example,Good,50,10L,1234567890,Some Address,No,Excellent,Outlook,Active,None,Naukri,Realistic,No,Good,None,Email,Yes,Has Questions,Inactive,Positive,None,No,No,None,Hiring marketing executive with good comm skills and sales experience,1
No,No,None,None,Yes,None,None,None,None,None,Poor,1 year,Valid SSL,https://linkedin.example,Good,50,10L,1234567890,Some Address,No,Poor,Outlook,Active,Few,WhatsApp,Low,No,Good,Phone,Call,Yes,Has Questions,Inactive,Positive,Present,No,None,No,Frontend developer required - html css js,1
None,No,Yes,Yes,None,Yes,No,Yes,None,Yes,Good,1 year,Valid SSL,https://linkedin.example,Good,50,10L,1234567890,Some Address,No,Good,Company Domain,Active,Many,Indeed,Realistic,No,Poor,In-Person,Email,Yes,Has Questions,Inactive,Positive,Present,No,None,None,Urgent requirement for developer. Apply now with resume,0
None,Yes,Yes,None,None,No,None,No,No,No,Poor,1 year,Valid SSL,https://linkedin.example,Good,50,10L,1234567890,Some Address,No,Poor,Outlook,Active,None,WhatsApp,Realistic,No,Average,Phone,Email,Yes,Has Questions,Inactive,None,Present,No,Yes,Yes,Looking for software engineer with 2+ years experience in python and django,0
Yes,No,Yes,No,No,Yes,No,None,None,Yes,Good,1 year,Valid SSL,https://linkedin.example,Good,50,10L,1234567890,Some Address,Yes,Good,Company Domain,Active,Many,Indeed,Realistic,Yes,Poor,In-Person,Telegram,No,Has Questions,Inactive,None,Present,Yes,None,No,Urgent requirement for developer. Apply now with resume,1
None,None,Yes,No,None,None,None,Yes,None,No,Poor,1 year,Valid SSL,https://linkedin.example,Good,50,10L,1234567890,Some Address,No,Poor,Yahoo,Inactive,Many,WhatsApp,Realistic,Yes,Good,In-Person,Email,No,Has Questions,Active,Negative,Present,No,None,No,Urgent requirement for developer. Apply now with resume,0
None,No,No,Yes,None,No,Yes,No,None,Yes,Excellent,1 year,Valid SSL,https://linkedin.example,Good,50,10L,1234567890,Some Address,No,Excellent,Outlook,Inactive,Many,LinkedIn,High,Yes,Average,Phone,Email,No,Has Questions,Active,Positive,Present,No,None,No,Looking for software engineer with 2+ years experience in python and django,0
No,No,Yes,Yes,None,Yes,None,No,No,No,Average,1 year,Valid SSL,https://linkedin.example,Good,50,10L,1234567890,Some Address,No,Average,Company Domain,Inactive,Few,LinkedIn,Realistic,Yes,Poor,Phone,WhatsApp,No,Has Questions,Active,Negative,None,No,None,Yes,Hiring marketing executive with good comm skills and sales experience,0
No,No,Yes,No,None,None,None,No,No,No,Average,1 year,Valid SSL,https://linkedin.example,Good,50,10L,1234567890,Some Address,No,Average,Outlook,Inactive,Many,Naukri,Realistic,Yes,Average,Phone,Call,No,Has Questions,Inactive,Negative,Present,No,No,Yes,Hiring marketing executive with good comm skills and sales experience,1
No,Yes,No,None,No,No,None,None,Yes,No,Average,1 year,Valid SSL,https://linkedin.example,Good,50,10L,1234567890,Some Address,No,Average,Company Domain,Inactive,Few,Indeed,High,No,Poor,In-Person,Email,No,Has Questions,Active,None,None,No,No,Yes,Hiring marketing executive with good comm skills and sales experience,0
None,None,No,Yes,None,None,No,No,Yes,None,Good,1 year,Valid SSL,https://linkedin.example,Good,50,10L,1234567890,Some Address,Yes,Good,Outlook,Inactive,None,Indeed,High,Yes,Poor,None,WhatsApp,Yes,Has Questions,Active,Positive,Present,Yes,None,Yes,Job opening in finance. CA preferred. Salary competitive,1
Yes,No,Yes,None,Yes,Yes,None,No,Yes,Yes,Poor,1 year,Valid SSL,https://linkedin.example,Good,50,10L,1234567890,Some Address,No,Poor,Yahoo,Inactive,None,Naukri,High,No,Average,In-Person,Telegram,Yes,Has Questions,Inactive,None,None,No,No,None,Looking for software engineer with 2+ years experience in python and django,0
No,Yes,No,No,No,Yes,Yes,None,No,None,Average,1 year,Valid SSL,https://linkedin.example,Good,50,10L,1234567890,Some Address,Yes,Average,Yahoo,Active,Few,Indeed,High,Yes,Poor,None,Call,Yes,Has Questions,Active,Positive,Present,Yes,Yes,None,Frontend developer required - html css js,0
None,None,No,None,None,None,Yes,Yes,Yes,None,Poor,1 year,Valid SSL,https://linkedin.example,Good,50,10L,1234567890,Some Address,No,Poor,Yahoo,Inactive,Few,Telegram,Realistic,Yes,Poor,None,WhatsApp,Yes,Has Questions,Inactive,None,None,No,None,No,Looking for software engineer with 2+ years experience in python and django,0
Yes,None,None,Yes,Yes,None,None,None,None,Yes,Average,1 year,Valid SSL,https://linkedin.example,Good,50,10L,1234567890,Some Address,Yes,Average,Outlook,Active,Few,WhatsApp,Low,Yes,Good,Phone,Telegram,Yes,Has Questions,Inactive,None,None,Yes,No,None,Job opening in finance. CA preferred. Salary competitive,0
None,No,None,None,None,No,No,None,No,None,Excellent,1 year,Valid SSL,https://linkedin.example,Good,50,10L,1234567890,Some Address,Yes,Excellent,Outlook,Inactive,Few,Naukri,Low,Yes,Good,Video,WhatsApp,No,Has Questions,Active,Positive,None,Yes,None,None,Job opening in finance. CA preferred. Salary competitive,0
Yes,No,Yes,None,None,No,None,No,None,Yes,Good,1 year,Valid SSL,https://linkedin.example,Good,50,10L,1234567890,Some Address,No,Good,Yahoo,Active,Many,WhatsApp,Low,No,Poor,Phone,Call,No,Has Questions,Inactive,Positive,Present,No,No,No,Job opening in finance. CA preferred. Salary competitive,1
None,None,None,Yes,Yes,None,None,Yes,None,None,Poor,1 year,Valid SSL,https://linkedin.example,Good,50,10L,1234567890,Some Address,No,Poor,Yahoo,Active,Many,Naukri,Low,Yes,Good,Video,Telegram,No,Has Questions,Active,None,Present,No,None,Yes,Job opening in finance. CA preferred. Salary competitive,0
None,No,No,No,No,No,Yes,None,No,No,Excellent,1 year,Valid SSL,https://linkedin.example,Good,50,10L,1234567890,Some Address,No,Excellent,Outlook,Inactive,Few,WhatsApp,Low,No,Average,Video,Call,Yes,Has Questions,Inactive,Positive,None,No,None,Yes,Job opening in finance. CA preferred. Salary competitive,1
None,None,None,Yes,Yes,No,Yes,Yes,None,No,Excellent,1 year,Valid SSL,https://linkedin.example,Good,50,10L,1234567890,Some Address,Yes,Excellent,Gmail,Active,Few,Naukri,Realistic,Yes,Average,In-Person,Email,No,Has Questions,Inactive,Negative,None,Yes,Yes,Yes,Frontend developer required - html css js,1
None,None,No,No,No,Yes,None,No,No,None,Good,1 year,Valid SSL,https://linkedin.example,Good,50,10L,1234567890,Some Address,Yes,Good,Outlook,Inactive,Few,Indeed,Low,Yes,Average,Video,Call,Yes,Has Questions,Active,Negative,Present,Yes,No,No,Job opening in finance. CA preferred. Salary competitive,0
No,Yes,None,None,None,None,None,None,No,None,Excellent,1 year,Valid SSL,https://linkedin.example,Good,50,10L,1234567890,Some Address,No,Excellent,Outlook,Inactive,None,Telegram,High,Yes,Poor,Phone,WhatsApp,No,Has Questions,Active,None,Present,No,Yes,No,Job opening in finance. CA preferred. Salary competitive,0
No,No,Yes,No,Yes,No,No,None,None,Yes,Average,1 year,Valid SSL,https://linkedin.example,Good,50,10L,1234567890,Some Address,No,Average,Company Domain,Active,Few,Naukri,Realistic,Yes,Average,Video,Call,Yes,Has Questions,Inactive,Negative,None,No,None,No,Urgent requirement for developer. Apply now with resume,0
Yes,Yes,None,Yes,None,Yes,No,None,None,Yes,Excellent,1 year,Valid SSL,https://linkedin.example,Good,50,10L,1234567890,Some Address,No,Excellent,Gmail,Active,Few,LinkedIn,Realistic,No,Poor,Video,Call,No,Has Questions,Inactive,Positive,Present,No,No,No,Frontend developer required - html css js,0
Yes,None,None,No,No,None,None,None,None,None,Good,1 year,Valid SSL,https://linkedin.example,Good,50,10L,1234567890,Some Address,Yes,Good,Yahoo,Active,Many,Telegram,Realistic,No,Average,In-Person,Email,Yes,Has Questions,Inactive,None,Present,Yes,No,None,Frontend developer required - html css js,0
Yes,Yes,No,No,No,Yes,Yes,None,Yes,None,Excellent,1 year,Valid SSL,https://linkedin.example,Good,50,10L,1234567890,Some Address,No,Excellent,Yahoo,Active,None,Telegram,High,Yes,Good,Video,Email,No,Has Questions,Active,None,None,No,No,Yes,Job opening in finance. CA preferred. Salary competitive,0
No,None,None,Yes,Yes,None,No,None,None,No,Poor,1 year,Valid SSL,https://linkedin.example,Good,50,10L,1234567890,Some Address,No,Poor,Gmail,Inactive,Few,Naukri,High,No,Poor,Video,Telegram,No,Has Questions,Inactive,Positive,None,No,No,Yes,Looking for software engineer with 2+ years experience in python and django,0
Yes,Yes,None,Yes,No,No,None,None,Yes,Yes,Poor,1 year,Valid SSL,https://linkedin.example,Good,50,10L,1234567890,Some Address,No,Poor,Outlook,Active,Few,WhatsApp,Low,Yes,Poor,None,Call,Yes,Has Questions,Inactive,None,Present,No,None,Yes,Urgent requirement for developer. Apply now with resume,1
Yes,Yes,No,None,Yes,None,No,Yes,None,None,Average,1 year,Valid SSL,https://linkedin.example,Good,50,10L,1234567890,Some Address,Yes,Average,Company Domain,Active,Few,LinkedIn,Realistic,No,Poor,Video,Email,No,Has Questions,Inactive,Negative,Present,Yes,None,Yes,Hiring marketing executive with good comm skills and sales experience,1
Yes,No,None,No,No,Yes,None,Yes,Yes,No,Excellent,1 year,Valid SSL,https://linkedin.example,Good,50,10L,1234567890,Some Address,Yes,Excellent,Company Domain,Inactive,Few,Telegram,Low,Yes,Good,Video,Email,Yes,Has Questions,Inactive,Negative,Present,Yes,Yes,No,Hiring marketing executive with good comm skills and sales experience,1
No,None,None,Yes,No,No,Yes,No,None,No,Good,1 year,Valid SSL,https://linkedin.example,Good,50,10L,1234567890,Some Address,No,Good,Outlook,Inactive,None,Naukri,Low,No,Good,None,WhatsApp,No,Has Questions,Inactive,Positive,Present,No,No,No,Urgent requirement for developer. Apply now with resume,0
Yes,None,No,No,No,None,No,No,None,None,Good,1 year,Valid SSL,https://linkedin.example,Good,50,10L,1234567890,Some Address,Yes,Good,Company Domain,Active,Many,LinkedIn,Low,No,Good,Video,Call,No,Has Questions,Inactive,Positive,None,Yes,Yes,No,Looking for software engineer with 2+ years experience in python and django,1
None,None,No,No,Yes,Yes,No,Yes,No,Yes,Excellent,1 year,Valid SSL,https://linkedin.example,Good,50,10L,1234567890,Some Address,No,Excellent,Gmail,Active,Many,Indeed,High,Yes,Good,Phone,Telegram,No,Has Questions,Active,None,Present,No,No,Yes,Frontend developer required - html css js,0
Yes,Yes,No,Yes,None,None,Yes,None,None,None,Poor,1 year,Valid SSL,https://linkedin.example,Good,50,10L,1234567890,Some Address,Yes,Poor,Gmail,Active,Few,Naukri,Low,Yes,Good,None,Email,Yes,Has Questions,Inactive,Positive,None,Yes,No,None,Hiring marketing executive with good comm skills and sales experience,0
No,None,None,No,None,None,Yes,Yes,No,Yes,Excellent,1 year,Valid SSL,https://linkedin.example,Good,50,10L,1234567890,Some Address,No,Excellent,Company Domain,Active,Many,Telegram,High,Yes,Poor,Video,Call,No,Has Questions,Inactive,Negative,Present,No,No,No,Frontend developer required - html css js,1
Yes,No,None,No,None,None,Yes,No,No,No,Good,1 year,Valid SSL,https://linkedin.example,Good,50,10L,1234567890,Some Address,Yes,Good,Yahoo,Inactive,None,Naukri,Realistic,No,Average,Video,Email,No,Has Questions,Inactive,None,Present,Yes,None,None,Hiring marketing executive with good comm skills and sales experience,1
None,Yes,None,No,No,No,Yes,Yes,No,Yes,Excellent,1 year,Valid SSL,https://linkedin.example,Good,50,10L,1234567890,Some Address,No,Excellent,Yahoo,Inactive,None,Telegram,Low,No,Good,None,Call,No,Has Questions,Active,Negative,Present,No,No,Yes,Looking for software engineer with 2+ years experience in python and django,0
No,None,None,None,No,No,No,Yes,None,Yes,Poor,1 year,Valid SSL,https://linkedin.example,Good,50,10L,1234567890,Some Address,Yes,Poor,Company Domain,Inactive,Many,Telegram,Low,No,Poor,Phone,WhatsApp,No,Has Questions,Active,None,Present,Yes,Yes,Yes,Frontend developer required - html css js,0
No,No,Yes,None,None,Yes,No,No,None,No,Excellent,1 year,Valid SSL,https://linkedin.example,Good,50,10L,1234567890,Some Address,Yes,Excellent,Yahoo,Active,Many,Telegram,Realistic,Yes,Poor,Video,WhatsApp,Yes,Has Questions,Inactive,Positive,Present,Yes,Yes,No,Hiring marketing executive with good comm skills and sales experience,1
Yes,Yes,None,No,Yes,No,Yes,No,None,None,Excellent,1 year,Valid SSL,https://linkedin.example,Good,50,10L,1234567890,Some Address,Yes,Excellent,Outlook,Inactive,None,Telegram,High,No,Average,Phone,Telegram,Yes,Has Questions,Inactive,Negative,None,Yes,None,No,Frontend developer required - html css js,0
No,None,No,None,None,None,Yes,No,Yes,Yes,Poor,1 year,Valid SSL,https://linkedin.example,Good,50,10L,1234567890,Some Address,No,Poor,Yahoo,Active,None,Telegram,High,Yes,Poor,None,WhatsApp,Yes,Has Questions,Inactive,Positive,Present,No,Yes,None,Hiring marketing executive with good comm skills and sales experience,0
None,None,No,None,Yes,No,No,None,Yes,None,Good,1 year,Valid SSL,https://linkedin.example,Good,50,10L,1234567890,Some Address,Yes,Good,Company Domain,Inactive,None,Naukri,High,Yes,Average,Phone,Telegram,Yes,Has Questions,Inactive,None,None,Yes,No,No,Frontend developer required - html css js,0
No,No,Yes,No,No,Yes,Yes,No,None,None,Poor,1 year,Valid SSL,https://linkedin.example,Good,50,10L,1234567890,Some Address,Yes,Poor,Gmail,Active,Few,WhatsApp,Realistic,No,Poor,Video,Email,Yes,Has Questions,Inactive,Positive,Present,Yes,Yes,Yes,Urgent requirement for developer. Apply now with resume,0
None,Yes,No,Yes,Yes,No,Yes,No,Yes,No,Average,1 year,Valid SSL,https://linkedin.example,Good,50,10L,1234567890,Some Address,No,Average,Gmail,Active,Few,Telegram,Low,No,Good,Phone,WhatsApp,Yes,Has Questions,Active,Negative,Present,No,No,None,Hiring marketing executive with good comm skills and sales experience,0
None,No,None,No,None,None,No,None,No,No,Excellent,1 year,Valid SSL,https://linkedin.example,Good,50,10L,1234567890,Some Address,Yes,Excellent,Company Domain,Active,None,Naukri,Low,No,Poor,Phone,Call,No,Has Questions,Active,None,None,Yes,None,Yes,Hiring marketing executive with good comm skills and sales experience,1
Yes,Yes,Yes,No,Yes,None,No,None,None,None,Poor,1 year,Valid SSL,https://linkedin.example,Good,50,10L,1234567890,Some Address,No,Poor,Gmail,Inactive,Many,Telegram,Low,No,Good,Phone,Telegram,Yes,Has Questions,Active,Positive,None,No,None,No,Job opening in finance. CA preferred. Salary competitive,0
None,None,None,Yes,No,Yes,No,Yes,None,None,Excellent,1 year,Valid SSL,https://linkedin.example,Good,50,10L,1234567890,Some Address,Yes,Excellent,Gmail,Active,None,LinkedIn,Low,No,Good,Phone,Call,Yes,Has Questions,Active,Negative,None,Yes,Yes,Yes,Frontend developer required - html css js,0
No,No,None,Yes,Yes,No,Yes,No,No,Yes,Good,1 year,Valid SSL,https://linkedin.example,Good,50,10L,1234567890,Some Address,No,Good,Yahoo,Inactive,None,Telegram,Low,Yes,Good,Video,Call,No,Has Questions,Inactive,Negative,Present,No,None,None,Urgent requirement for developer. Apply now with resume,1
Yes,None,No,Yes,No,No,Yes,None,None,None,Excellent,1 year,Valid SSL,https://linkedin.example,Good,50,10L,1234567890,Some Address,Yes,Excellent,Yahoo,Inactive,Many,Telegram,Realistic,No,Poor,In-Person,Call,Yes,Has Questions,Active,Negative,None,Yes,None,None,Urgent requirement for developer. Apply now with resume,0
Yes,None,None,None,Yes,None,None,Yes,No,No,Average,1 year,Valid SSL,https://linkedin.example,Good,50,10L,1234567890,Some Address,No,Average,Yahoo,Active,Few,Naukri,Realistic,Yes,Average,None,WhatsApp,Yes,Has Questions,Inactive,None,None,No,Yes,None,Hiring marketing executive with good comm skills and sales experience,0
Yes,None,No,None,No,None,Yes,Yes,Yes,None,Excellent,1 year,Valid SSL,https://linkedin.example,Good,50,10L,1234567890,Some Address,No,Excellent,Yahoo,Inactive,Many,LinkedIn,Low,No,Average,None,WhatsApp,Yes,Has Questions,Active,None,None,No,No,Yes,Hiring marketing executive with good comm skills and sales experience,0
None,No,None,No,Yes,Yes,No,Yes,None,Yes,Poor,1 year,Valid SSL,https://linkedin.example,Good,50,10L,1234567890,Some Address,Yes,Poor,Gmail,Inactive,Many,Telegram,Realistic,No,Average,Phone,Call,Yes,Has Questions,Active,None,None,Yes,None,No,Looking for software engineer with 2+ years experience in python and django,0
None,No,No,No,No,No,No,No,No,None,Average,1 year,Valid SSL,https://linkedin.example,Good,50,10L,1234567890,Some Address,No,Average,Company Domain,Inactive,None,Naukri,Realistic,No,Good,In-Person,Email,Yes,Has Questions,Active,Positive,None,No,No,No,Urgent requirement for developer. Apply now with resume,1
None,Yes,None,Yes,None,None,None,None,Yes,None,Good,1 year,Valid SSL,https://linkedin.example,Good,50,10L,1234567890,Some Address,No,Good,Company Domain,Active,Few,Indeed,Realistic,Yes,Good,None,Email,No,Has Questions,Active,Negative,Present,No,Yes,Yes,Hiring marketing executive with good comm skills and sales experience,0
No,Yes,No,Yes,Yes,Yes,Yes,No,Yes,None,Excellent,1 year,Valid SSL,https://linkedin.example,Good,50,10L,1234567890,Some Address,Yes,Excellent,Yahoo,Inactive,Few,WhatsApp,Realistic,No,Poor,In-Person,WhatsApp,No,Has Questions,Inactive,Negative,None,Yes,Yes,No,Frontend developer required - html css js,1
No,Yes,Yes,Yes,Yes,Yes,Yes,No,No,No,Good,1 year,Valid SSL,https://linkedin.example,Good,50,10L,1234567890,Some Address,No,Good,Gmail,Active,None,LinkedIn,Realistic,No,Poor,Phone,Telegram,Yes,Has Questions,Inactive,Positive,Present,No,None,Yes,Frontend developer required - html css js,1
Yes,No,Yes,No,No,No,No,None,Yes,Yes,Excellent,1 year,Valid SSL,https://linkedin.example,Good,50,10L,1234567890,Some Address,Yes,Excellent,Outlook,Active,Few,Telegram,High,No,Poor,In-Person,Email,Yes,Has Questions,Inactive,Positive,Present,Yes,None,Yes,Frontend developer required - html css js,0
No,Yes,No,None,No,No,Yes,None,None,No,Excellent,1 year,Valid SSL,https://linkedin.example,Good,50,10L,1234567890,Some Address,No,Excellent,Gmail,Active,None,Naukri,Realistic,No,Poor,In-Person,Email,No,Has Questions,Active,Positive,None,No,None,None,Job opening in finance. CA preferred. Salary competitive,0
Yes,None,Yes,None,Yes,None,No,None,No,No,Poor,1 year,Valid SSL,https://linkedin.example,Good,50,10L,1234567890,Some Address,No,Poor,Outlook,Active,Many,Telegram,High,Yes,Poor,Video,Email,No,Has Questions,Inactive,Positive,None,No,Yes,No,Job opening in finance. CA preferred. Salary competitive,1
None,Yes,Yes,No,No,Yes,None,No,None,None,Good,1 year,Valid SSL,https://linkedin.example,Good,50,10L,1234567890,Some Address,No,Good,Gmail,Inactive,None,Indeed,Realistic,Yes,Average,Phone,Call,No,Has Questions,Active,Negative,Present,No,Yes,Yes,Urgent requirement for developer. Apply now with resume,0
Yes,No,Yes,None,None,None,None,None,None,No,Average,1 year,Valid SSL,https://linkedin.example,Good,50,10L,1234567890,Some Address,No,Average,Yahoo,Active,Many,Telegram,Realistic,No,Poor,None,WhatsApp,No,Has Questions,Active,Positive,Present,No,Yes,None,Job opening in finance. CA preferred. Salary competitive,1
Yes,None,No,Yes,No,Yes,None,No,None,Yes,Excellent,1 year,Valid SSL,https://linkedin.example,Good,50,10L,1234567890,Some Address,Yes,Excellent,Yahoo,Inactive,Few,LinkedIn,Low,Yes,Average,In-Person,Call,Yes,Has Questions,Active,None,None,Yes,Yes,Yes,Looking for software engineer with 2+ years experience in python and django,1
Yes,None,Yes,None,No,None,None,No,None,Yes,Excellent,1 year,Valid SSL,https://linkedin.example,Good,50,10L,1234567890,Some Address,Yes,Excellent,Yahoo,Active,Few,WhatsApp,Low,Yes,Good,Video,Email,No,Has Questions,Active,None,Present,Yes,None,None,Frontend developer required - html css js,0
Yes,Yes,None,None,No,None,None,No,Yes,No,Average,1 year,Valid SSL,https://linkedin.example,Good,50,10L,1234567890,Some Address,No,Average,Company Domain,Inactive,None,WhatsApp,Low,No,Average,Phone,Call,Yes,Has Questions,Active,None,Present,No,No,Yes,Frontend developer required - html css js,0
No,Yes,Yes,None,Yes,Yes,No,None,Yes,None,Average,1 year,Valid SSL,https://linkedin.example,Good,50,10L,1234567890,Some Address,Yes,Average,Outlook,Active,Many,Telegram,High,Yes,Average,In-Person,WhatsApp,No,Has Questions,Active,Positive,Present,Yes,Yes,Yes,Urgent requirement for developer. Apply now with resume,0
No,None,None,No,Yes,None,No,None,Yes,No,Excellent,1 year,Valid SSL,https://linkedin.example,Good,50,10L,1234567890,Some Address,No,Excellent,Gmail,Inactive,Many,WhatsApp,High,Yes,Good,Phone,Telegram,Yes,Has Questions,Inactive,None,Present,No,No,None,Looking for software engineer with 2+ years experience in python and django,0
None,No,None,No,None,None,No,None,Yes,No,Good,1 year,Valid SSL,https://linkedin.example,Good,50,10L,1234567890,Some Address,Yes,Good,Outlook,Active,Few,Telegram,High,No,Poor,In-Person,Telegram,No,Has Questions,Active,Positive,None,Yes,None,None,Looking for software engineer with 2+ years experience in python and django,1
Yes,None,None,None,None,No,Yes,Yes,Yes,Yes,Good,1 year,Valid SSL,https://linkedin.example,Good,50,10L,1234567890,Some Address,No,Good,Yahoo,Active,None,LinkedIn,High,Yes,Good,Phone,Email,Yes,Has Questions,Active,Negative,Present,No,Yes,None,Hiring marketing executive with good comm skills and sales experience,0
Yes,None,No,Yes,Yes,None,Yes,None,No,No,Excellent,1 year,Valid SSL,https://linkedin.example,Good,50,10L,1234567890,Some Address,Yes,Excellent,Company Domain,Active,Many,Indeed,Realistic,Yes,Good,Video,Call,Yes,Has Questions,Active,Positive,None,Yes,Yes,None,Job opening in finance. CA preferred. Salary competitive,0
None,None,No,Yes,No,Yes,Yes,None,No,Yes,Poor,1 year,Valid SSL,https://linkedin.example,Good,50,10L,1234567890,Some Address,No,Poor,Gmail,Active,None,Indeed,Realistic,No,Good,None,Email,No,Has Questions,Active,None,Present,No,None,No,Job opening in finance. CA preferred. Salary competitive,1
Yes,No,None,None,No,Yes,None,Yes,No,No,Excellent,1 year,Valid SSL,https://linkedin.example,Good,50,10L,1234567890,Some Address,Yes,Excellent,Gmail,Inactive,Many,Indeed,Realistic,Yes,Poor,Video,WhatsApp,Yes,Has Questions,Active,None,None,Yes,None,No,Looking for software engineer with 2+ years experience in python and django,0
Yes,No,No,Yes,No,Yes,None,None,No,Yes,Average,1 year,Valid SSL,https://linkedin.example,Good,50,10L,1234567890,Some Address,No,Average,Yahoo,Inactive,Few,Indeed,Realistic,Yes,Poor,Video,Call,Yes,Has Questions,Active,None,Present,No,No,None,Looking for software engineer with 2+ years experience in python and django,1
None,Yes,None,Yes,Yes,None,Yes,No,None,Yes,Average,1 year,Valid SSL,https://linkedin.example,Good,50,10L,1234567890,Some Address,Yes,Average,Yahoo,Inactive,Few,WhatsApp,Realistic,Yes,Poor,Video,Telegram,Yes,Has Questions,Inactive,Positive,Present,Yes,No,No,Urgent requirement for developer. Apply now with resume,1
No,Yes,None,No,Yes,No,None,No,None,Yes,Poor,1 year,Valid SSL,https://linkedin.example,Good,50,10L,1234567890,Some Address,No,Poor,Yahoo,Inactive,Many,Telegram,Low,No,Good,In-Person,Telegram,No,Has Questions,Active,Negative,Present,No,None,None,Looking for software engineer with 2+ years experience in python and django,1
Yes,Yes,Yes,None,None,None,No,None,None,No,Average,1 year,Valid SSL,https://linkedin.example,Good,50,10L,1234567890,Some Address,No,Average,Gmail,Inactive,None,LinkedIn,High,Yes,Good,In-Person,Call,Yes,Has Questions,Inactive,Positive,None,No,None,No,Looking for software engineer with 2+ years experience in python and django,0
Yes,No,None,None,None,Yes,None,None,No,No,Average,1 year,Valid SSL,https://linkedin.example,Good,50,10L,1234567890,Some Address,No,Average,Yahoo,Inactive,Few,Indeed,Low,No,Poor,None,WhatsApp,No,Has Questions,Inactive,Positive,None,No,No,Yes,Frontend developer required - html css js,1
No,No,None,None,None,Yes,No,None,No,Yes,Average,1 year,Valid SSL,https://linkedin.example,Good,50,10L,1234567890,Some Address,Yes,Average,Yahoo,Inactive,Few,WhatsApp,Low,Yes,Average,In-Person,Email,Yes,Has Questions,Inactive,Negative,Present,Yes,No,None,Frontend developer required - html css js,1
None,No,Yes,Yes,None,None,No,Yes,Yes,None,Good,1 year,Valid SSL,https://linkedin.example,Good,50,10L,1234567890,Some Address,No,Good,Gmail,Inactive,Few,LinkedIn,High,No,Good,In-Person,Call,No,Has Questions,Inactive,Positive,Present,No,None,No,Looking for software engineer with 2+ years experience in python and django,1
Yes,No,Yes,None,No,Yes,No,Yes,None,No,Average,1 year,Valid SSL,https://linkedin.example,Good,50,10L,1234567890,Some Address,Yes,Average,Company Domain,Active,None,Telegram,Low,No,Average,Phone,WhatsApp,No,Has Questions,Inactive,Positive,None,Yes,No,No,Hiring marketing executive with good comm skills and sales experience,1
No,None,None,Yes,None,No,No,No,Yes,None,Excellent,1 year,Valid SSL,https://linkedin.example,Good,50,10L,1234567890,Some Address,No,Excellent,Company Domain,Active,Many,Indeed,High,No,Poor,None,Telegram,Yes,Has Questions,Active,Negative,Present,No,Yes,None,Urgent requirement for developer. Apply now with resume,0
None,No,No,None,No,No,Yes,Yes,Yes,No,Excellent,1 year,Valid SSL,https://linkedin.example,Good,50,10L,1234567890,Some Address,No,Excellent,Gmail,Active,Many,WhatsApp,Realistic,Yes,Good,None,Email,Yes,Has Questions,Inactive,None,None,No,No,Yes,Job opening in finance. CA preferred. Salary competitive,1
No,Yes,Yes,No,None,Yes,None,Yes,Yes,Yes,Good,1 year,Valid SSL,https://linkedin.example,Good,50,10L,1234567890,Some Address,Yes,Good,Outlook,Active,Many,Indeed,Realistic,Yes,Average,None,Telegram,No,Has Questions,Inactive,Negative,Present,Yes,No,None,Urgent requirement for developer. Apply now with resume,1
None,None,No,Yes,Yes,Yes,None,No,Yes,No,Excellent,1 year,Valid SSL,https://linkedin.example,Good,50,10L,1234567890,Some Address,Yes,Excellent,Yahoo,Active,Few,Naukri,High,No,Poor,None,Telegram,Yes,Has Questions,Inactive,Negative,Present,Yes,None,None,Urgent requirement for developer. Apply now with resume,1
Yes,No,Yes,No,Yes,No,No,No,Yes,None,Poor,1 year,Valid SSL,https://linkedin.example,Good,50,10L,1234567890,Some Address,Yes,Poor,Yahoo,Inactive,Many,Indeed,Low,No,Good,None,Telegram,No,Has Questions,Inactive,Positive,None,Yes,No,Yes,Job opening in finance. CA preferred. Salary competitive,1
No,Yes,No,Yes,None,None,Yes,None,None,Yes,Excellent,1 year,Valid SSL,https://linkedin.example,Good,50,10L,1234567890,Some Address,No,Excellent,Yahoo,Active,Few,Telegram,High,No,Average,Video,Telegram,No,Has Questions,Active,Negative,None,No,No,Yes,Frontend developer required - html css js,0
None,No,None,None,None,Yes,Yes,None,None,No,Poor,1 year,Valid SSL,https://linkedin.example,Good,50,10L,1234567890,Some Address,Yes,Poor,Yahoo,Active,Many,Indeed,Low,No,Poor,In-Person,WhatsApp,Yes,Has Questions,Active,Negative,None,Yes,None,Yes,Hiring marketing executive with good comm skills and sales experience,0
No,Yes,Yes,No,None,No,None,None,Yes,Yes,Excellent,1 year,Valid SSL,https://linkedin.example,Good,50,10L,1234567890,Some Address,Yes,Excellent,Yahoo,Inactive,None,Telegram,Low,Yes,Poor,Phone,WhatsApp,Yes,Has Questions,Inactive,Positive,None,Yes,None,None,Hiring marketing executive with good comm skills and sales experience,0
No,Yes,Yes,No,None,Yes,No,Yes,Yes,None,Excellent,1 year,Valid SSL,https://linkedin.example,Good,50,10L,1234567890,Some Address,Yes,Excellent,Company Domain,Active,None,LinkedIn,High,No,Average,In-Person,Call,No,Has Questions,Active,Positive,Present,Yes,None,None,Looking for software engineer with 2+ years experience in python and django,0
Yes,None,No,No,Yes,None,Yes,No,Yes,Yes,Average,1 year,Valid SSL,https://linkedin.example,Good,50,10L,1234567890,Some Address,Yes,Average,Gmail,Inactive,None,Naukri,High,Yes,Average,In-Person,Telegram,No,Has Questions,Active,Positive,None,Yes,No,No,Frontend developer required - html css js,1
Yes,No,No,Yes,None,None,No,None,Yes,None,Poor,1 year,Valid SSL,https://linkedin.example,Good,50,10L,1234567890,Some Address,No,Poor,Company Domain,Inactive,None,Telegram,High,No,Good,Video,Telegram,No,Has Questions,Active,Negative,None,No,Yes,Yes,Job opening in finance. CA preferred. Salary competitive,1
None,None,None,None,Yes,No,Yes,No,None,No,Good,1 year,Valid SSL,https://linkedin.example,Good,50,10L,1234567890,Some Address,Yes,Good,Yahoo,Inactive,Few,LinkedIn,High,Yes,Good,Phone,Email,Yes,Has Questions,Active,Positive,Present,Yes,Yes,Yes,Hiring marketing executive with good comm skills and sales experience,0
No,Yes,Yes,None,Yes,No,Yes,No,None,No,Average,1 year,Valid SSL,https://linkedin.example,Good,50,10L,1234567890,Some Address,No,Average,Yahoo,Active,Few,Indeed,Low,No,Average,Phone,Call,No,Has Questions,Inactive,Positive,Present,No,No,None,Frontend developer required - html css js,0
Yes,Yes,None,No,Yes,None,No,No,No,None,Average,1 year,Valid SSL,https://linkedin.example,Good,50,10L,1234567890,Some Address,No,Average,Company Domain,Active,Many,Naukri,High,Yes,Good,Video,WhatsApp,No,Has Questions,Active,Negative,None,No,Yes,No,Looking for software engineer with 2+ years experience in python and django,0
Yes,None,Yes,Yes,Yes,None,Yes,Yes,None,Yes,Average,1 year,Valid SSL,https://linkedin.example,Good,50,10L,1234567890,Some Address,Yes,Average,Company Domain,Active,Many,Naukri,Realistic,Yes,Good,Phone,Telegram,No,Has Questions,Active,None,Present,Yes,None,None,Hiring marketing executive with good comm skills and sales experience,0
No,None,No,No,None,Yes,Yes,Yes,No,No,Excellent,1 year,Valid SSL,https://linkedin.example,Good,50,10L,1234567890,Some Address,Yes,Excellent,Company Domain,Inactive,Many,LinkedIn,Realistic,No,Average,Video,Telegram,Yes,Has Questions,Active,None,None,Yes,None,No,Looking for software engineer with 2+ years experience in python and django,0
None,Yes,Yes,No,Yes,Yes,None,None,Yes,None,Poor,1 year,Valid SSL,https://linkedin.example,Good,50,10L,1234567890,Some Address,Yes,Poor,Yahoo,Active,None,Naukri,High,No,Good,Phone,WhatsApp,No,Has Questions,Active,Negative,None,Yes,No,None,Urgent requirement for developer. Apply now with resume,0
No,None,Yes,None,Yes,No,No,Yes,None,Yes,Good,1 year,Valid SSL,https://linkedin.example,Good,50,10L,1234567890,Some Address,Yes,Good,Outlook,Active,None,Naukri,Realistic,No,Poor,Phone,Telegram,No,Has Questions,Active,Negative,None,Yes,No,No,Frontend developer required - html css js,1
None,No,No,None,None,None,None,None,No,No,Average,1 year,Valid SSL,https://linkedin.example,Good,50,10L,1234567890,Some Address,No,Average,Company Domain,Inactive,Few,Indeed,Low,No,Poor,Video,Email,Yes,Has Questions,Inactive,Positive,None,No,No,None,Frontend developer required - html css js,0
Yes,Yes,None,Yes,Yes,Yes,Yes,No,No,No,Excellent,1 year,Valid SSL,https://linkedin.example,Good,50,10L,1234567890,Some Address,Yes,Excellent,Gmail,Active,Many,Indeed,High,No,Poor,Video,Call,No,Has Questions,Active,None,None,Yes,No,None,Hiring marketing executive with good comm skills and sales experience,0
Yes,Yes,No,Yes,No,Yes,Yes,Yes,None,None,Excellent,1 year,Valid SSL,https://linkedin.example,Good,50,10L,1234567890,Some Address,No,Excellent,Yahoo,Active,None,Indeed,Realistic,No,Average,Phone,WhatsApp,No,Has Questions,Inactive,None,Present,No,None,Yes,Looking for software engineer with 2+ years experience in python and django,0
